production_order_id,production_date,plant_id,plant_city,region,production_line,shift,machine_id,operator_id,product_id,product_name,product_category,supplier_id,supplier_name,planned_units,actual_units,defective_units,scrap_units,downtime_minutes,labor_hours,energy_kwh,material_cost_inr,labor_cost_inr,total_production_cost_inr,quality_score_pct,maintenance_required,order_status,batch_number
PO-2025-00681,2025-01-01,PUNE-01,Pune,West,Line-4,Night,PU-M04,OP-1037,PRD-1003,Drive Shaft 600mm,Assemblies,SUP-03,Precision Forge,330,263,6,4,53,16.37,644.53,396554.98,5098.91,410684.95,95.88,Yes,Completed,B-2501-780
PO-2025-00041,2025-01-03,CHENNAI-01,Chennai,South,Line-4,Morning,CH-M06,OP-1061,PRD-1005,Control Valve V5,Finished Goods,SUP-05,ValveWorks India,450,384,15,7,0,18.87,1270.59,1228100.11,8985.04,1259028.43,93.84,No,In Progress,B-2501-495
PO-2025-00345,2025-01-03,PUNE-01,Pune,West,Line-4,Morning,PU-M12,OP-1042,PRD-1006,Bearing Set B12,Components,SUP-01,Bharat Metals,120,98,0,0,59,5.34,491.9,36950.46,2034.29,43025.25,99.19,No,On Hold,B-2501-780
PO-2025-00353,2025-01-03,NOIDA-01,Noida,North,Line-1,Evening,NO-M07,OP-1077,PRD-1008,Hydraulic Cylinder H8,Finished Goods,SUP-03,Precision Forge,80,64,0,0,74,4.54,360.37,256346.86,1299.3,260900.51,98.79,No,Completed,B-2501-959
PO-2025-00984,2025-01-03,CHENNAI-01,Chennai,South,Line-1,Evening,CH-M05,OP-1031,PRD-1008,Hydraulic Cylinder H8,Finished Goods,SUP-03,Precision Forge,310,283,0,0,0,16.01,1318.63,1724307.41,7186.7,1742714.4,99.7,No,Completed,B-2501-365
PO-2025-00598,2025-01-05,CHENNAI-01,Chennai,South,Line-2,Night,CH-M06,OP-1074,PRD-1007,Motor Assembly M3,Assemblies,SUP-06,ElectroMotion Ltd,270,284,9,5,38,11.94,747.07,822759.41,3864.68,843420.43,93.99,No,In Progress,B-2501-823
PO-2025-00823,2025-01-05,CHENNAI-01,Chennai,South,Line-4,Evening,CH-M03,OP-1077,PRD-1005,Control Valve V5,Finished Goods,SUP-05,ValveWorks India,490,451,14,6,68,22.33,1102.65,1209462.28,8901.18,1238087.75,94.1,No,In Progress,B-2501-884
PO-2025-00185,2025-01-07,NOIDA-01,Noida,North,Line-2,Morning,NO-M12,OP-1051,PRD-1002,Aluminium Housing,Components,SUP-02,Nova Aluminium,450,406,11,4,93,15.62,1258.29,305633.92,6941.91,323750.83,95.93,Yes,On Hold,B-2501-402
PO-2025-00708,2025-01-07,CHENNAI-01,Chennai,South,Line-1,Night,CH-M10,OP-1003,PRD-1004,Industrial Pump A2,Finished Goods,SUP-04,FlowTech Parts,340,319,6,3,0,16.85,574.32,1649702.12,7256.71,1669986.8,97.07,No,Completed,B-2501-276
PO-2025-00869,2025-01-08,NOIDA-01,Noida,North,Line-2,Evening,NO-M06,OP-1055,PRD-1001,Steel Gear 40mm,Components,SUP-01,Bharat Metals,80,82,2,1,88,4.96,286.51,36110.31,1695.83,40749.14,95.83,Yes,Cancelled,B-2501-134
PO-2025-00354,2025-01-09,PUNE-01,Pune,West,Line-2,Evening,PU-M06,OP-1005,PRD-1008,Hydraulic Cylinder H8,Finished Goods,SUP-03,Precision Forge,310,295,10,4,71,17.88,1647.69,1190283.93,7200.07,1223186.37,93.96,No,Cancelled,B-2501-823
PO-2025-00016,2025-01-10,PUNE-01,Pune,West,Line-2,Night,PU-M02,OP-1046,PRD-1002,Aluminium Housing,Components,SUP-02,Nova Aluminium,170,123,4,2,78,7.25,430.74,111823.99,3278.02,120070.18,95.07,Yes,On Hold,B-2501-995
PO-2025-00377,2025-01-11,CHENNAI-01,Chennai,South,Line-3,Morning,CH-M09,OP-1051,PRD-1002,Aluminium Housing,Components,SUP-02,Nova Aluminium,160,163,3,2,14,10.98,394.54,150981.86,3449.01,158302.24,97.24,No,Cancelled,B-2501-881
PO-2025-00378,2025-01-12,NOIDA-01,Noida,North,Line-1,Evening,NO-M12,OP-1040,PRD-1005,Control Valve V5,Finished Goods,SUP-05,ValveWorks India,170,143,4,2,39,6.59,519.17,414124.46,2534.35,424618.57,94.9,No,On Hold,B-2501-104
PO-2025-00707,2025-01-12,NOIDA-01,Noida,North,Line-4,Night,NO-M05,OP-1070,PRD-1007,Motor Assembly M3,Assemblies,SUP-06,ElectroMotion Ltd,150,129,9,3,80,6.37,308.47,460336.17,2734.54,472438.44,89.8,Yes,Completed,B-2501-773
PO-2025-00105,2025-01-13,PUNE-01,Pune,West,Line-4,Morning,PU-M06,OP-1052,PRD-1005,Control Valve V5,Finished Goods,SUP-05,ValveWorks India,420,371,13,8,43,11.57,823.17,862952.14,4457.82,888673.12,94.61,No,Completed,B-2501-813
PO-2025-00206,2025-01-13,NOIDA-01,Noida,North,Line-3,Evening,NO-M07,OP-1036,PRD-1004,Industrial Pump A2,Finished Goods,SUP-04,FlowTech Parts,320,265,5,3,35,14.07,745.27,1197623.63,4969.31,1216966.66,96.98,No,On Hold,B-2501-234
PO-2025-00429,2025-01-14,NOIDA-01,Noida,North,Line-4,Morning,NO-M05,OP-1043,PRD-1001,Steel Gear 40mm,Components,SUP-01,Bharat Metals,160,148,6,2,38,7.84,353.74,61648.62,3304.49,68231.49,93.46,No,Completed,B-2501-157
PO-2025-00471,2025-01-14,NOIDA-01,Noida,North,Line-3,Morning,NO-M09,OP-1065,PRD-1008,Hydraulic Cylinder H8,Finished Goods,SUP-03,Precision Forge,350,328,8,5,28,12.14,1877.84,1632565.94,4000.16,1666463.45,95.11,No,Completed,B-2501-893
PO-2025-00814,2025-01-14,NOIDA-01,Noida,North,Line-3,Night,NO-M08,OP-1006,PRD-1007,Motor Assembly M3,Assemblies,SUP-06,ElectroMotion Ltd,310,270,9,3,51,11.73,747.61,1054650.71,4555.12,1071264.04,94.23,No,Completed,B-2501-476
PO-2025-00280,2025-01-15,NOIDA-01,Noida,North,Line-1,Evening,NO-M09,OP-1051,PRD-1007,Motor Assembly M3,Assemblies,SUP-06,ElectroMotion Ltd,230,202,9,3,62,9.37,1147.73,662044.54,2706.48,682027.65,92.44,No,Cancelled,B-2501-941
PO-2025-00299,2025-01-15,NOIDA-01,Noida,North,Line-3,Evening,NO-M07,OP-1028,PRD-1004,Industrial Pump A2,Finished Goods,SUP-04,FlowTech Parts,200,174,4,2,55,8.53,932.37,816375.56,2704.22,832634.39,96.59,No,In Progress,B-2501-215
PO-2025-00218,2025-01-16,PUNE-01,Pune,West,Line-3,Night,PU-M01,OP-1008,PRD-1005,Control Valve V5,Finished Goods,SUP-05,ValveWorks India,450,434,27,7,87,26.39,1654.79,1109733.69,7861.47,1142211.26,91.13,Yes,Completed,B-2501-760
PO-2025-00817,2025-01-16,CHENNAI-01,Chennai,South,Line-1,Night,CH-M12,OP-1018,PRD-1002,Aluminium Housing,Components,SUP-02,Nova Aluminium,430,329,16,11,69,12.29,1102.48,320860.97,3730.7,339292.39,92.67,No,In Progress,B-2501-716
PO-2025-00331,2025-01-17,NOIDA-01,Noida,North,Line-4,Evening,NO-M08,OP-1003,PRD-1004,Industrial Pump A2,Finished Goods,SUP-04,FlowTech Parts,90,90,1,1,48,4.24,293.28,381352.49,1205.7,387506.98,98.17,No,On Hold,B-2501-348
PO-2025-00647,2025-01-17,PUNE-01,Pune,West,Line-4,Night,PU-M10,OP-1076,PRD-1005,Control Valve V5,Finished Goods,SUP-05,ValveWorks India,150,154,3,1,52,11.39,695.47,438601.37,3970.94,449885.83,96.73,Yes,In Progress,B-2501-132
PO-2025-00672,2025-01-17,PUNE-01,Pune,West,Line-1,Evening,PU-M08,OP-1050,PRD-1008,Hydraulic Cylinder H8,Finished Goods,SUP-03,Precision Forge,240,190,5,2,55,7.72,670.7,1152220.49,3546.63,1168327.71,95.78,No,In Progress,B-2501-179
PO-2025-00706,2025-01-17,NOIDA-01,Noida,North,Line-2,Night,NO-M04,OP-1028,PRD-1002,Aluminium Housing,Components,SUP-02,Nova Aluminium,140,117,2,1,66,8.6,503.42,75779.25,4110.41,84629.34,96.31,No,Completed,B-2501-362
PO-2025-00734,2025-01-18,CHENNAI-01,Chennai,South,Line-3,Night,CH-M11,OP-1019,PRD-1001,Steel Gear 40mm,Components,SUP-01,Bharat Metals,300,315,5,2,0,18.19,1335.61,145372.68,8181.76,164177.48,96.71,No,Completed,B-2501-195
PO-2025-00164,2025-01-19,NOIDA-01,Noida,North,Line-3,Evening,NO-M11,OP-1018,PRD-1001,Steel Gear 40mm,Components,SUP-01,Bharat Metals,480,434,5,3,0,19.21,1654.99,155510.53,5554.45,177295.24,97.57,No,In Progress,B-2501-467
PO-2025-00687,2025-01-19,CHENNAI-01,Chennai,South,Line-3,Evening,CH-M05,OP-1001,PRD-1002,Aluminium Housing,Components,SUP-02,Nova Aluminium,380,307,0,0,52,11.92,844.98,290145.85,5369.16,303117.14,98.8,No,Completed,B-2501-327
PO-2025-00878,2025-01-20,CHENNAI-01,Chennai,South,Line-3,Night,CH-M12,OP-1019,PRD-1004,Industrial Pump A2,Finished Goods,SUP-04,FlowTech Parts,500,397,13,7,30,15.86,1364.63,1969780.48,4544.43,2005636.39,93.64,No,Completed,B-2501-490
PO-2025-00666,2025-01-21,CHENNAI-01,Chennai,South,Line-2,Morning,CH-M07,OP-1047,PRD-1007,Motor Assembly M3,Assemblies,SUP-06,ElectroMotion Ltd,360,325,7,3,66,16.5,1913.38,934598.97,7437.03,965037.46,95.91,Yes,Completed,B-2501-192
PO-2025-00060,2025-01-22,CHENNAI-01,Chennai,South,Line-2,Morning,CH-M09,OP-1082,PRD-1003,Drive Shaft 600mm,Assemblies,SUP-03,Precision Forge,470,354,11,5,69,14.56,1284.5,366408.89,6611.77,388489.13,95.25,No,On Hold,B-2501-298
PO-2025-00669,2025-01-22,NOIDA-01,Noida,North,Line-1,Morning,NO-M07,OP-1018,PRD-1001,Steel Gear 40mm,Components,SUP-01,Bharat Metals,330,298,9,6,44,11.31,884.59,113758.79,3415.34,125748.23,94.62,Yes,In Progress,B-2501-641
PO-2025-00534,2025-01-23,CHENNAI-01,Chennai,South,Line-1,Evening,CH-M07,OP-1035,PRD-1008,Hydraulic Cylinder H8,Finished Goods,SUP-03,Precision Forge,450,361,6,3,59,12.17,1212.48,1959314.19,4138.22,1984326.74,96.09,No,In Progress,B-2501-707
PO-2025-00881,2025-01-23,PUNE-01,Pune,West,Line-3,Morning,PU-M12,OP-1008,PRD-1004,Industrial Pump A2,Finished Goods,SUP-04,FlowTech Parts,240,228,5,4,10,8.87,1159.02,944305.01,3860.06,968984.58,96.3,No,Cancelled,B-2501-479
PO-2025-00733,2025-01-24,NOIDA-01,Noida,North,Line-3,Night,NO-M04,OP-1067,PRD-1008,Hydraulic Cylinder H8,Finished Goods,SUP-03,Precision Forge,170,156,5,1,25,9.06,493.07,863605.61,3479.03,874058.82,94.31,No,On Hold,B-2501-875
PO-2025-00744,2025-01-24,CHENNAI-01,Chennai,South,Line-3,Morning,CH-M07,OP-1070,PRD-1007,Motor Assembly M3,Assemblies,SUP-06,ElectroMotion Ltd,330,257,0,0,40,10.24,1440.73,837048.11,4464.41,852350.26,98.57,No,Cancelled,B-2501-960
PO-2025-00230,2025-01-25,CHENNAI-01,Chennai,South,Line-1,Morning,CH-M10,OP-1019,PRD-1003,Drive Shaft 600mm,Assemblies,SUP-03,Precision Forge,300,208,0,0,61,11.08,1074.63,252804.14,4781.54,267339.11,99.8,No,Completed,B-2501-114
PO-2025-00500,2025-01-26,CHENNAI-01,Chennai,South,Line-2,Evening,CH-M09,OP-1066,PRD-1006,Bearing Set B12,Components,SUP-01,Bharat Metals,290,304,6,3,7,10.13,588.03,91909.05,3140.43,100688.65,97.05,No,Cancelled,B-2501-452
PO-2025-00150,2025-01-27,PUNE-01,Pune,West,Line-3,Morning,PU-M08,OP-1006,PRD-1003,Drive Shaft 600mm,Assemblies,SUP-03,Precision Forge,480,429,14,9,15,19.94,1620.44,447311.71,7753.17,474793.64,93.84,No,In Progress,B-2501-369
PO-2025-00160,2025-01-27,NOIDA-01,Noida,North,Line-3,Night,NO-M05,OP-1022,PRD-1008,Hydraulic Cylinder H8,Finished Goods,SUP-03,Precision Forge,260,228,10,4,51,15.31,948.11,1263351.88,4967.68,1289001.12,92.45,No,On Hold,B-2501-285
PO-2025-00753,2025-01-27,NOIDA-01,Noida,North,Line-1,Morning,NO-M08,OP-1077,PRD-1008,Hydraulic Cylinder H8,Finished Goods,SUP-03,Precision Forge,410,397,14,8,35,15.31,1183.34,1524474.88,5225.67,1565322.95,93.48,No,Completed,B-2501-303
PO-2025-00478,2025-01-29,NOIDA-01,Noida,North,Line-2,Evening,NO-M11,OP-1001,PRD-1001,Steel Gear 40mm,Components,SUP-01,Bharat Metals,340,310,9,6,62,11.93,1056.15,166241.01,5434.84,181126.52,94.41,No,On Hold,B-2501-571
PO-2025-00528,2025-01-30,NOIDA-01,Noida,North,Line-1,Evening,NO-M11,OP-1041,PRD-1003,Drive Shaft 600mm,Assemblies,SUP-03,Precision Forge,190,173,3,1,50,6.12,764.4,181054.45,2379.56,191413.96,97.22,No,Completed,B-2501-700
PO-2025-00535,2025-01-30,PUNE-01,Pune,West,Line-4,Evening,PU-M03,OP-1059,PRD-1003,Drive Shaft 600mm,Assemblies,SUP-03,Precision Forge,270,195,10,7,96,7.29,685.35,308074.39,2492.12,322413.22,91.38,Yes,Completed,B-2501-774
PO-2025-00588,2025-01-30,NOIDA-01,Noida,North,Line-3,Night,NO-M07,OP-1045,PRD-1008,Hydraulic Cylinder H8,Finished Goods,SUP-03,Precision Forge,240,198,9,4,12,7.14,981.83,1084264.05,2905.7,1108639.15,93.35,No,Completed,B-2501-964
PO-2025-00714,2025-02-01,PUNE-01,Pune,West,Line-1,Night,PU-M03,OP-1046,PRD-1006,Bearing Set B12,Components,SUP-01,Bharat Metals,180,164,0,0,10,9.92,923.02,62399.84,3847.04,73647.09,98.58,No,Cancelled,B-2502-217
PO-2025-00771,2025-02-02,CHENNAI-01,Chennai,South,Line-4,Night,CH-M11,OP-1039,PRD-1003,Drive Shaft 600mm,Assemblies,SUP-03,Precision Forge,290,219,6,2,1,10.38,427.18,273884.7,3606.66,282715.93,94.98,No,Completed,B-2502-253
PO-2025-00953,2025-02-02,PUNE-01,Pune,West,Line-2,Night,PU-M12,OP-1081,PRD-1008,Hydraulic Cylinder H8,Finished Goods,SUP-03,Precision Forge,460,419,9,3,42,16.9,1531.43,2318569.71,7252.26,2346995.5,95.22,No,Completed,B-2502-191
PO-2025-00148,2025-02-04,CHENNAI-01,Chennai,South,Line-1,Evening,CH-M11,OP-1022,PRD-1001,Steel Gear 40mm,Components,SUP-01,Bharat Metals,280,246,8,3,52,8.36,556.39,136017.94,2905.85,144996.83,93.84,No,In Progress,B-2502-260
PO-2025-00359,2025-02-04,CHENNAI-01,Chennai,South,Line-1,Evening,CH-M07,OP-1060,PRD-1006,Bearing Set B12,Components,SUP-01,Bharat Metals,120,103,3,2,40,5.17,217.64,40272.88,1862.94,44425.4,95.18,No,On Hold,B-2502-734
PO-2025-00986,2025-02-04,PUNE-01,Pune,West,Line-2,Night,PU-M07,OP-1017,PRD-1007,Motor Assembly M3,Assemblies,SUP-06,ElectroMotion Ltd,450,350,9,5,53,12.6,936.37,1020148.48,3936.75,1043427.7,95.69,Yes,On Hold,B-2502-127
PO-2025-00152,2025-02-05,NOIDA-01,Noida,North,Line-2,Night,NO-M05,OP-1041,PRD-1003,Drive Shaft 600mm,Assemblies,SUP-03,Precision Forge,150,145,3,2,52,8.43,384.51,150058.06,3512.15,158154.49,95.62,No,Completed,B-2502-189
PO-2025-00091,2025-02-08,PUNE-01,Pune,West,Line-3,Night,PU-M03,OP-1002,PRD-1005,Control Valve V5,Finished Goods,SUP-05,ValveWorks India,440,352,5,3,0,16.02,822.55,855409.75,7077.04,874205.06,96.7,No,Completed,B-2502-681
PO-2025-00249,2025-02-08,PUNE-01,Pune,West,Line-2,Morning,PU-M12,OP-1005,PRD-1002,Aluminium Housing,Components,SUP-02,Nova Aluminium,360,326,11,5,0,15.4,991.51,293104.8,4614.61,309538.44,94.35,No,Cancelled,B-2502-985
PO-2025-00037,2025-02-10,CHENNAI-01,Chennai,South,Line-3,Morning,CH-M10,OP-1056,PRD-1006,Bearing Set B12,Components,SUP-01,Bharat Metals,460,425,25,13,37,15.48,1921.26,111596.82,6675.81,136869.9,90.59,No,In Progress,B-2502-193
PO-2025-00443,2025-02-10,CHENNAI-01,Chennai,South,Line-1,Night,CH-M04,OP-1072,PRD-1005,Control Valve V5,Finished Goods,SUP-05,ValveWorks India,330,320,5,3,2,12.44,683.76,850646.0,5666.19,867923.87,97.74,Yes,Completed,B-2502-397
PO-2025-00223,2025-02-11,NOIDA-01,Noida,North,Line-3,Night,NO-M08,OP-1055,PRD-1002,Aluminium Housing,Components,SUP-02,Nova Aluminium,270,244,4,1,56,11.07,1110.66,235754.94,4335.95,249958.93,96.36,No,Completed,B-2502-911
PO-2025-00363,2025-02-13,CHENNAI-01,Chennai,South,Line-3,Morning,CH-M09,OP-1015,PRD-1004,Industrial Pump A2,Finished Goods,SUP-04,FlowTech Parts,80,65,1,0,8,5.39,330.29,265709.2,2399.72,270491.89,97.83,No,In Progress,B-2502-299
PO-2025-00891,2025-02-13,PUNE-01,Pune,West,Line-4,Morning,PU-M06,OP-1085,PRD-1006,Bearing Set B12,Components,SUP-01,Bharat Metals,280,214,2,1,40,8.07,762.81,79356.2,3331.43,89994.27,98.61,No,On Hold,B-2502-127
PO-2025-00894,2025-02-13,CHENNAI-01,Chennai,South,Line-4,Night,CH-M05,OP-1016,PRD-1003,Drive Shaft 600mm,Assemblies,SUP-03,Precision Forge,440,462,3,1,1,17.46,2369.48,675027.44,8240.29,704475.28,98.58,No,Cancelled,B-2502-232
PO-2025-00325,2025-02-14,NOIDA-01,Noida,North,Line-3,Morning,NO-M04,OP-1052,PRD-1008,Hydraulic Cylinder H8,Finished Goods,SUP-03,Precision Forge,280,201,13,4,155,9.1,694.52,1121947.99,3543.82,1144152.62,90.78,Yes,Completed,B-2502-121
PO-2025-00357,2025-02-14,NOIDA-01,Noida,North,Line-2,Evening,NO-M05,OP-1009,PRD-1004,Industrial Pump A2,Finished Goods,SUP-04,FlowTech Parts,110,107,2,1,32,8.16,224.02,562774.84,2976.47,570130.94,96.93,No,Completed,B-2502-128
PO-2025-00361,2025-02-15,PUNE-01,Pune,West,Line-2,Morning,PU-M04,OP-1065,PRD-1003,Drive Shaft 600mm,Assemblies,SUP-03,Precision Forge,270,232,4,2,6,9.49,856.69,270242.9,4498.77,283530.52,96.4,No,On Hold,B-2502-979
PO-2025-00716,2025-02-15,NOIDA-01,Noida,North,Line-3,Night,NO-M04,OP-1042,PRD-1001,Steel Gear 40mm,Components,SUP-01,Bharat Metals,80,66,0,0,0,3.41,309.91,24840.5,1212.41,28368.08,99.26,No,Completed,B-2502-474
PO-2025-00274,2025-02-16,NOIDA-01,Noida,North,Line-4,Morning,NO-M01,OP-1063,PRD-1003,Drive Shaft 600mm,Assemblies,SUP-03,Precision Forge,290,272,8,5,59,14.84,689.55,365185.38,4551.04,380013.71,94.74,No,Completed,B-2502-283
PO-2025-00575,2025-02-17,NOIDA-01,Noida,North,Line-1,Evening,NO-M08,OP-1061,PRD-1007,Motor Assembly M3,Assemblies,SUP-06,ElectroMotion Ltd,460,388,15,5,34,15.9,2218.14,1269964.3,7308.1,1306242.2,93.05,No,Completed,B-2502-231
PO-2025-00856,2025-02-17,NOIDA-01,Noida,North,Line-2,Night,NO-M03,OP-1009,PRD-1006,Bearing Set B12,Components,SUP-01,Bharat Metals,170,166,0,0,9,6.64,735.14,43730.54,1892.82,51162.17,98.46,No,Completed,B-2502-574
PO-2025-00098,2025-02-19,PUNE-01,Pune,West,Line-3,Morning,PU-M05,OP-1019,PRD-1001,Steel Gear 40mm,Components,SUP-01,Bharat Metals,330,262,9,6,42,9.24,1527.07,141421.27,3651.85,159730.08,93.8,No,On Hold,B-2502-326
PO-2025-00379,2025-02-19,CHENNAI-01,Chennai,South,Line-2,Morning,CH-M07,OP-1066,PRD-1004,Industrial Pump A2,Finished Goods,SUP-04,FlowTech Parts,230,216,9,7,22,10.31,974.08,1094099.64,4530.06,1126532.71,93.86,No,Completed,B-2502-430
PO-2025-00046,2025-02-20,NOIDA-01,Noida,North,Line-1,Evening,NO-M08,OP-1005,PRD-1008,Hydraulic Cylinder H8,Finished Goods,SUP-03,Precision Forge,260,237,3,2,15,12.16,673.99,1336167.1,5060.64,1352653.28,98.05,No,Cancelled,B-2502-234
PO-2025-00544,2025-02-20,CHENNAI-01,Chennai,South,Line-1,Evening,CH-M11,OP-1017,PRD-1008,Hydraulic Cylinder H8,Finished Goods,SUP-03,Precision Forge,210,188,1,1,40,7.43,865.83,1123198.48,3088.22,1136225.08,98.52,No,In Progress,B-2502-713
PO-2025-00962,2025-02-20,PUNE-01,Pune,West,Line-4,Morning,PU-M12,OP-1014,PRD-1002,Aluminium Housing,Components,SUP-02,Nova Aluminium,250,225,6,2,39,9.56,646.99,179130.6,2865.9,188840.75,94.9,No,In Progress,B-2502-259
PO-2025-00991,2025-02-20,NOIDA-01,Noida,North,Line-3,Night,NO-M09,OP-1015,PRD-1008,Hydraulic Cylinder H8,Finished Goods,SUP-03,Precision Forge,390,323,12,9,66,15.9,1711.75,1305902.54,6185.91,1355745.01,94.34,No,Cancelled,B-2502-107
PO-2025-00051,2025-02-21,CHENNAI-01,Chennai,South,Line-3,Morning,CH-M02,OP-1085,PRD-1004,Industrial Pump A2,Finished Goods,SUP-04,FlowTech Parts,160,133,5,3,42,5.58,679.64,596458.55,1871.84,612885.12,92.96,No,Completed,B-2502-115
PO-2025-00252,2025-02-21,PUNE-01,Pune,West,Line-1,Evening,PU-M10,OP-1017,PRD-1007,Motor Assembly M3,Assemblies,SUP-06,ElectroMotion Ltd,110,105,4,2,42,5.82,498.49,333612.97,2016.43,343775.83,93.3,No,Cancelled,B-2502-579
PO-2025-00273,2025-02-21,CHENNAI-01,Chennai,South,Line-1,Night,CH-M10,OP-1070,PRD-1002,Aluminium Housing,Components,SUP-02,Nova Aluminium,370,301,17,5,0,12.91,617.78,221589.68,5773.08,235351.21,91.37,No,Completed,B-2502-882
PO-2025-00336,2025-02-21,CHENNAI-01,Chennai,South,Line-3,Night,CH-M08,OP-1065,PRD-1008,Hydraulic Cylinder H8,Finished Goods,SUP-03,Precision Forge,150,154,3,2,40,5.68,643.86,649453.66,1724.52,662474.9,96.62,No,Completed,B-2502-257
PO-2025-00283,2025-02-22,PUNE-01,Pune,West,Line-2,Night,PU-M04,OP-1042,PRD-1007,Motor Assembly M3,Assemblies,SUP-06,ElectroMotion Ltd,310,279,2,1,29,12.87,668.29,969215.23,5274.22,982555.26,97.64,No,Completed,B-2502-615
PO-2025-00453,2025-02-22,NOIDA-01,Noida,North,Line-3,Night,NO-M03,OP-1042,PRD-1007,Motor Assembly M3,Assemblies,SUP-06,ElectroMotion Ltd,160,135,3,1,65,8.07,644.34,377300.27,3190.77,387855.98,95.52,No,Completed,B-2502-126
PO-2025-00613,2025-02-22,PUNE-01,Pune,West,Line-4,Night,PU-M04,OP-1020,PRD-1004,Industrial Pump A2,Finished Goods,SUP-04,FlowTech Parts,290,256,2,1,21,12.61,868.64,980554.99,5412.14,996027.93,98.63,No,In Progress,B-2502-351
PO-2025-00633,2025-02-23,CHENNAI-01,Chennai,South,Line-1,Night,CH-M12,OP-1017,PRD-1008,Hydraulic Cylinder H8,Finished Goods,SUP-03,Precision Forge,310,306,11,5,73,14.04,1349.12,1635511.01,4841.03,1668236.02,94.9,No,Completed,B-2502-243
PO-2025-00034,2025-02-24,PUNE-01,Pune,West,Line-4,Evening,PU-M10,OP-1080,PRD-1003,Drive Shaft 600mm,Assemblies,SUP-03,Precision Forge,440,409,9,3,23,16.27,1724.6,597528.04,5793.35,621652.98,96.38,No,Cancelled,B-2502-201
PO-2025-00149,2025-02-24,PUNE-01,Pune,West,Line-1,Evening,PU-M11,OP-1081,PRD-1006,Bearing Set B12,Components,SUP-01,Bharat Metals,210,180,0,0,68,7.66,422.69,61807.77,2896.93,67798.75,99.99,No,Completed,B-2502-199
PO-2025-00958,2025-02-24,CHENNAI-01,Chennai,South,Line-1,Evening,CH-M11,OP-1036,PRD-1007,Motor Assembly M3,Assemblies,SUP-06,ElectroMotion Ltd,320,224,3,1,46,11.97,1184.84,854548.9,3743.32,869662.4,96.71,No,Cancelled,B-2502-938
PO-2025-00362,2025-02-25,CHENNAI-01,Chennai,South,Line-3,Night,CH-M05,OP-1054,PRD-1006,Bearing Set B12,Components,SUP-01,Bharat Metals,200,203,4,1,14,12.05,760.3,67056.99,5042.72,79212.49,96.22,No,Completed,B-2502-565
PO-2025-00384,2025-02-25,NOIDA-01,Noida,North,Line-1,Morning,NO-M10,OP-1071,PRD-1004,Industrial Pump A2,Finished Goods,SUP-04,FlowTech Parts,220,184,3,1,19,7.87,976.02,674602.87,3202.09,687866.21,97.35,No,Completed,B-2502-341
PO-2025-00479,2025-02-25,PUNE-01,Pune,West,Line-2,Night,PU-M12,OP-1064,PRD-1001,Steel Gear 40mm,Components,SUP-01,Bharat Metals,250,194,4,2,58,9.02,433.8,94707.86,3859.41,102315.23,96.74,No,Cancelled,B-2502-755
PO-2025-00940,2025-02-25,PUNE-01,Pune,West,Line-2,Night,PU-M11,OP-1003,PRD-1004,Industrial Pump A2,Finished Goods,SUP-04,FlowTech Parts,270,224,16,11,75,11.77,999.45,889330.94,3800.94,931650.18,88.64,No,Completed,B-2502-859
PO-2025-00095,2025-02-26,CHENNAI-01,Chennai,South,Line-1,Morning,CH-M08,OP-1005,PRD-1003,Drive Shaft 600mm,Assemblies,SUP-03,Precision Forge,400,384,0,0,4,22.59,697.15,396142.48,8239.46,410475.62,99.03,No,Completed,B-2502-887
PO-2025-00766,2025-02-26,CHENNAI-01,Chennai,South,Line-2,Morning,CH-M03,OP-1004,PRD-1004,Industrial Pump A2,Finished Goods,SUP-04,FlowTech Parts,500,480,6,3,43,18.51,1837.13,1890674.92,7328.4,1921677.18,96.6,No,Completed,B-2502-237
PO-2025-00044,2025-02-27,CHENNAI-01,Chennai,South,Line-2,Evening,CH-M11,OP-1033,PRD-1006,Bearing Set B12,Components,SUP-01,Bharat Metals,310,258,8,4,40,9.7,667.7,81752.85,4041.28,92186.61,94.61,No,Cancelled,B-2502-109
PO-2025-00143,2025-02-27,PUNE-01,Pune,West,Line-4,Night,PU-M05,OP-1023,PRD-1007,Motor Assembly M3,Assemblies,SUP-06,ElectroMotion Ltd,300,223,10,4,123,8.88,1005.59,707113.29,3494.55,726842.46,92.01,Yes,In Progress,B-2502-138
PO-2025-00104,2025-03-02,NOIDA-01,Noida,North,Line-4,Night,NO-M08,OP-1003,PRD-1001,Steel Gear 40mm,Components,SUP-01,Bharat Metals,120,122,2,1,7,8.18,336.91,42254.57,3117.78,48361.72,96.59,Yes,On Hold,B-2503-521
PO-2025-00081,2025-03-03,PUNE-01,Pune,West,Line-3,Evening,PU-M04,OP-1019,PRD-1008,Hydraulic Cylinder H8,Finished Goods,SUP-03,Precision Forge,340,308,4,2,17,13.01,1760.79,1447199.02,5104.22,1472587.1,97.34,No,Completed,B-2503-493
PO-2025-00310,2025-03-03,NOIDA-01,Noida,North,Line-3,Night,NO-M03,OP-1033,PRD-1004,Industrial Pump A2,Finished Goods,SUP-04,FlowTech Parts,310,256,7,4,49,11.22,916.0,1311689.59,4564.13,1335473.71,95.69,No,Completed,B-2503-515
PO-2025-00341,2025-03-03,CHENNAI-01,Chennai,South,Line-2,Evening,CH-M05,OP-1037,PRD-1005,Control Valve V5,Finished Goods,SUP-05,ValveWorks India,480,430,12,6,22,15.62,1364.56,1306679.97,6190.5,1335235.7,94.41,No,Cancelled,B-2503-686
PO-2025-00898,2025-03-03,CHENNAI-01,Chennai,South,Line-4,Night,CH-M04,OP-1028,PRD-1007,Motor Assembly M3,Assemblies,SUP-06,ElectroMotion Ltd,420,363,5,2,53,15.32,1020.64,1526278.81,4923.26,1544848.85,96.97,No,In Progress,B-2503-864
PO-2025-00938,2025-03-03,PUNE-01,Pune,West,Line-1,Morning,PU-M04,OP-1070,PRD-1008,Hydraulic Cylinder H8,Finished Goods,SUP-03,Precision Forge,230,234,14,7,44,16.22,644.53,999267.17,7067.68,1034198.31,91.31,No,On Hold,B-2503-142
PO-2025-00053,2025-03-04,CHENNAI-01,Chennai,South,Line-4,Night,CH-M10,OP-1056,PRD-1007,Motor Assembly M3,Assemblies,SUP-06,ElectroMotion Ltd,350,284,9,3,24,10.61,837.53,990577.96,3660.84,1008611.68,94.61,No,Cancelled,B-2503-217
PO-2025-00702,2025-03-04,PUNE-01,Pune,West,Line-2,Evening,PU-M04,OP-1036,PRD-1008,Hydraulic Cylinder H8,Finished Goods,SUP-03,Precision Forge,410,365,16,11,0,19.37,1279.18,2073548.54,7475.24,2126919.36,93.24,No,In Progress,B-2503-376
PO-2025-00946,2025-03-04,PUNE-01,Pune,West,Line-1,Morning,PU-M05,OP-1016,PRD-1001,Steel Gear 40mm,Components,SUP-01,Bharat Metals,430,354,8,3,50,13.17,989.35,122282.08,5047.16,136557.99,95.44,No,Completed,B-2503-123
PO-2025-00049,2025-03-06,NOIDA-01,Noida,North,Line-2,Evening,NO-M11,OP-1013,PRD-1008,Hydraulic Cylinder H8,Finished Goods,SUP-03,Precision Forge,270,233,7,5,29,13.17,932.96,1095056.49,6188.27,1125316.61,94.82,No,On Hold,B-2503-517
PO-2025-00221,2025-03-06,NOIDA-01,Noida,North,Line-4,Morning,NO-M02,OP-1005,PRD-1007,Motor Assembly M3,Assemblies,SUP-06,ElectroMotion Ltd,200,179,0,0,3,7.14,697.53,707109.37,2184.52,715656.54,99.64,No,In Progress,B-2503-773
PO-2025-00596,2025-03-07,NOIDA-01,Noida,North,Line-4,Evening,NO-M07,OP-1061,PRD-1007,Motor Assembly M3,Assemblies,SUP-06,ElectroMotion Ltd,180,158,2,1,49,6.3,427.84,537500.17,1914.57,544749.06,96.52,No,Completed,B-2503-287
PO-2025-00140,2025-03-08,PUNE-01,Pune,West,Line-4,Morning,PU-M06,OP-1028,PRD-1008,Hydraulic Cylinder H8,Finished Goods,SUP-03,Precision Forge,160,164,7,5,24,11.85,346.53,794883.07,5034.9,818716.22,93.34,No,Completed,B-2503-386
PO-2025-00615,2025-03-09,CHENNAI-01,Chennai,South,Line-4,Night,CH-M05,OP-1032,PRD-1006,Bearing Set B12,Components,SUP-01,Bharat Metals,450,371,7,3,64,12.38,1993.62,102019.31,5720.13,124530.85,96.35,No,Cancelled,B-2503-250
PO-2025-00719,2025-03-09,PUNE-01,Pune,West,Line-4,Morning,PU-M02,OP-1040,PRD-1007,Motor Assembly M3,Assemblies,SUP-06,ElectroMotion Ltd,470,369,0,0,16,17.17,706.41,1410851.16,5255.77,1422315.53,98.48,No,Completed,B-2503-184
PO-2025-00029,2025-03-12,NOIDA-01,Noida,North,Line-4,Evening,NO-M07,OP-1076,PRD-1006,Bearing Set B12,Components,SUP-01,Bharat Metals,80,60,4,2,70,4.86,257.34,24559.45,1623.32,28920.18,89.7,No,Completed,B-2503-950
PO-2025-00617,2025-03-12,PUNE-01,Pune,West,Line-1,Night,PU-M10,OP-1054,PRD-1003,Drive Shaft 600mm,Assemblies,SUP-03,Precision Forge,470,456,27,17,28,18.42,1423.31,714412.21,5463.64,745993.76,90.27,No,Completed,B-2503-971
PO-2025-00916,2025-03-12,NOIDA-01,Noida,North,Line-2,Evening,NO-M09,OP-1061,PRD-1004,Industrial Pump A2,Finished Goods,SUP-04,FlowTech Parts,230,211,1,1,64,13.56,844.99,1071913.42,5999.17,1087761.63,98.7,No,Completed,B-2503-947
PO-2025-00188,2025-03-13,PUNE-01,Pune,West,Line-4,Evening,PU-M06,OP-1018,PRD-1006,Bearing Set B12,Components,SUP-01,Bharat Metals,390,302,10,4,54,12.87,1004.96,97887.12,3616.04,110137.14,94.97,No,Completed,B-2503-998
PO-2025-00301,2025-03-13,CHENNAI-01,Chennai,South,Line-3,Morning,CH-M06,OP-1026,PRD-1006,Bearing Set B12,Components,SUP-01,Bharat Metals,190,166,5,3,82,6.62,611.55,68266.29,2835.26,77345.89,95.48,Yes,On Hold,B-2503-964
PO-2025-00621,2025-03-14,PUNE-01,Pune,West,Line-1,Night,PU-M02,OP-1050,PRD-1008,Hydraulic Cylinder H8,Finished Goods,SUP-03,Precision Forge,480,369,17,10,74,20.02,802.86,2240934.52,5620.98,2285584.28,93.13,No,On Hold,B-2503-297
PO-2025-00832,2025-03-15,NOIDA-01,Noida,North,Line-3,Morning,NO-M01,OP-1047,PRD-1005,Control Valve V5,Finished Goods,SUP-05,ValveWorks India,480,417,8,3,26,17.06,1787.01,1159671.0,5957.72,1186641.43,95.68,No,Completed,B-2503-160
PO-2025-00559,2025-03-16,PUNE-01,Pune,West,Line-4,Morning,PU-M05,OP-1053,PRD-1008,Hydraulic Cylinder H8,Finished Goods,SUP-03,Precision Forge,150,141,6,3,6,6.9,500.64,779092.13,2542.85,795502.38,92.98,No,In Progress,B-2503-746
PO-2025-00671,2025-03-17,NOIDA-01,Noida,North,Line-2,Night,NO-M05,OP-1051,PRD-1006,Bearing Set B12,Components,SUP-01,Bharat Metals,270,264,8,2,86,12.77,760.04,99054.15,4724.75,110665.44,94.39,Yes,Completed,B-2503-245
PO-2025-00582,2025-03-18,CHENNAI-01,Chennai,South,Line-2,Night,CH-M07,,PRD-1005,Control Valve V5,Finished Goods,SUP-05,ValveWorks India,210,212,3,2,0,13.28,503.54,649362.59,5861.76,663368.25,97.58,No,Completed,B-2503-954
PO-2025-00774,2025-03-18,NOIDA-01,Noida,North,Line-1,Evening,NO-M07,OP-1076,PRD-1003,Drive Shaft 600mm,Assemblies,SUP-03,Precision Forge,90,83,5,1,81,6.9,351.83,96015.7,2161.57,102012.4,90.77,Yes,Completed,B-2503-522
PO-2025-00011,2025-03-19,CHENNAI-01,Chennai,South,Line-4,Evening,CH-M07,OP-1072,PRD-1002,Aluminium Housing,Components,SUP-02,Nova Aluminium,110,90,3,2,16,6.18,346.79,85429.89,1933.89,90877.31,94.63,No,In Progress,B-2503-258
PO-2025-00308,2025-03-19,NOIDA-01,Noida,North,Line-4,Evening,NO-M04,OP-1045,PRD-1004,Industrial Pump A2,Finished Goods,SUP-04,FlowTech Parts,260,229,9,5,41,9.59,1315.53,1018723.88,3820.4,1046457.26,93.48,No,Cancelled,B-2503-943
PO-2025-00285,2025-03-20,PUNE-01,Pune,West,Line-2,Morning,PU-M01,OP-1030,PRD-1003,Drive Shaft 600mm,Assemblies,SUP-03,Precision Forge,250,228,7,5,50,14.6,1070.7,291054.75,5314.78,309928.77,95.66,No,On Hold,B-2503-760
PO-2025-00804,2025-03-20,PUNE-01,Pune,West,Line-4,Evening,PU-M04,OP-1032,PRD-1003,Drive Shaft 600mm,Assemblies,SUP-03,Precision Forge,200,194,9,4,17,8.65,934.07,272338.59,3495.97,287525.88,93.35,No,Cancelled,B-2503-756
PO-2025-00893,2025-03-20,CHENNAI-01,Chennai,South,Line-1,Evening,CH-M05,OP-1040,PRD-1005,Control Valve V5,Finished Goods,SUP-05,ValveWorks India,400,306,6,4,5,13.21,1766.21,639496.32,5716.17,665285.6,96.67,No,Cancelled,B-2503-100
PO-2025-00854,2025-03-23,CHENNAI-01,Chennai,South,Line-3,Night,CH-M11,OP-1064,PRD-1008,Hydraulic Cylinder H8,Finished Goods,SUP-03,Precision Forge,130,124,4,2,82,9.04,602.3,525627.6,4138.84,541142.8,94.65,Yes,Completed,B-2503-215
PO-2025-00867,2025-03-23,NOIDA-01,Noida,North,Line-3,Morning,NO-M02,OP-1078,PRD-1003,Drive Shaft 600mm,Assemblies,SUP-03,Precision Forge,160,150,4,2,10,7.67,648.87,186575.68,2511.51,196313.95,95.89,No,In Progress,B-2503-436
PO-2025-00520,2025-03-25,PUNE-01,Pune,West,Line-4,Morning,PU-M12,OP-1071,PRD-1007,Motor Assembly M3,Assemblies,SUP-06,ElectroMotion Ltd,120,94,4,1,52,4.35,374.46,250694.98,1587.04,257288.77,92.6,No,Completed,B-2503-403
PO-2025-00369,2025-03-26,CHENNAI-01,Chennai,South,Line-3,Morning,CH-M05,OP-1037,PRD-1002,Aluminium Housing,Components,SUP-02,Nova Aluminium,250,217,6,2,50,11.88,687.82,188072.67,3978.53,199086.29,94.33,No,In Progress,B-2503-515
PO-2025-00466,2025-03-26,CHENNAI-01,Chennai,South,Line-3,Evening,CH-M12,OP-1059,PRD-1004,Industrial Pump A2,Finished Goods,SUP-04,FlowTech Parts,500,408,0,0,0,23.4,1081.16,1723966.87,8354.08,1741265.19,99.39,No,On Hold,B-2503-208
PO-2025-00649,2025-03-26,PUNE-01,Pune,West,Line-1,Night,PU-M08,OP-1009,PRD-1002,Aluminium Housing,Components,SUP-02,Nova Aluminium,370,351,3,1,18,15.19,1275.51,226323.95,6330.66,244011.02,97.59,No,In Progress,B-2503-381
PO-2025-00758,2025-03-26,NOIDA-01,Noida,North,Line-1,Evening,NO-M06,OP-1009,PRD-1007,Motor Assembly M3,Assemblies,SUP-06,ElectroMotion Ltd,290,304,10,3,39,17.65,943.08,1078946.49,8042.78,1100440.38,94.97,No,Completed,B-2503-448
PO-2025-00312,2025-03-27,CHENNAI-01,Chennai,South,Line-3,Evening,CH-M02,OP-1031,PRD-1005,Control Valve V5,Finished Goods,SUP-05,ValveWorks India,120,112,2,1,70,4.87,668.55,253108.9,1472.62,262207.86,95.82,No,Completed,B-2503-437
PO-2025-00620,2025-03-27,CHENNAI-01,Chennai,South,Line-1,Morning,CH-M01,OP-1002,PRD-1002,Aluminium Housing,Components,SUP-02,Nova Aluminium,500,517,3,2,21,29.39,2513.81,349372.79,8611.03,380261.13,98.76,No,Completed,B-2503-991
PO-2025-00899,2025-03-27,NOIDA-01,Noida,North,Line-2,Night,NO-M09,OP-1021,PRD-1006,Bearing Set B12,Components,SUP-01,Bharat Metals,480,454,0,0,69,19.62,1039.2,138254.74,8542.44,154281.3,99.87,No,Completed,B-2503-834
PO-2025-00340,2025-03-28,PUNE-01,Pune,West,Line-3,Morning,PU-M05,OP-1055,PRD-1006,Bearing Set B12,Components,SUP-01,Bharat Metals,320,284,0,0,3,9.36,618.24,96243.02,4037.99,104950.0,99.95,No,Completed,B-2503-849
PO-2025-00516,2025-03-28,PUNE-01,Pune,West,Line-3,Evening,PU-M07,OP-1066,PRD-1002,Aluminium Housing,Components,SUP-02,Nova Aluminium,400,347,0,0,32,22.46,1473.48,307589.22,9849.25,328677.33,98.91,No,Completed,B-2503-380
PO-2025-00542,2025-03-28,NOIDA-01,Noida,North,Line-4,Morning,NO-M02,OP-1042,PRD-1002,Aluminium Housing,Components,SUP-02,Nova Aluminium,160,137,0,0,65,9.75,646.69,126072.94,4358.09,136129.61,99.06,No,Completed,B-2503-723
PO-2025-00846,2025-03-28,NOIDA-01,Noida,North,Line-2,Night,NO-M04,OP-1073,PRD-1007,Motor Assembly M3,Assemblies,SUP-06,ElectroMotion Ltd,310,260,10,4,48,9.58,1172.57,857884.07,4559.5,881332.77,93.53,No,Completed,B-2503-409
PO-2025-00997,2025-03-28,NOIDA-01,Noida,North,Line-2,Evening,NO-M08,OP-1085,PRD-1004,Industrial Pump A2,Finished Goods,SUP-04,FlowTech Parts,230,215,4,2,24,9.14,906.33,706864.13,2644.71,723418.74,95.72,Yes,In Progress,B-2503-387
PO-2025-00030,2025-03-30,CHENNAI-01,Chennai,South,Line-3,Night,CH-M01,OP-1067,PRD-1008,Hydraulic Cylinder H8,Finished Goods,SUP-03,Precision Forge,230,199,3,2,85,10.53,658.78,927641.66,3492.49,942652.68,96.82,Yes,Completed,B-2503-187
PO-2025-00243,2025-03-31,PUNE-01,Pune,West,Line-4,Morning,PU-M07,OP-1071,PRD-1002,Aluminium Housing,Components,SUP-02,Nova Aluminium,340,298,6,4,55,12.81,1723.95,221947.75,3678.62,242983.54,96.6,No,In Progress,B-2503-237
PO-2025-00290,2025-03-31,NOIDA-01,Noida,North,Line-3,Evening,NO-M09,OP-1012,PRD-1007,Motor Assembly M3,Assemblies,SUP-06,ElectroMotion Ltd,200,157,4,2,29,11.21,550.52,517056.96,4004.46,529379.93,95.81,No,In Progress,B-2503-859
PO-2025-00442,2025-03-31,CHENNAI-01,Chennai,South,Line-4,Night,CH-M03,OP-1016,PRD-1002,Aluminium Housing,Components,SUP-02,Nova Aluminium,370,293,23,8,83,14.5,657.5,263706.32,4808.04,277992.93,88.55,Yes,On Hold,B-2503-599
PO-2025-00959,2025-04-01,PUNE-01,Pune,West,Line-2,Night,PU-M02,OP-1068,PRD-1002,Aluminium Housing,Components,SUP-02,Nova Aluminium,500,402,13,7,29,15.75,1808.72,278970.29,6543.08,305228.05,94.57,No,On Hold,B-2504-920
PO-2025-00275,2025-04-02,NOIDA-01,Noida,North,Line-1,Night,NO-M05,OP-1045,PRD-1005,Control Valve V5,Finished Goods,SUP-05,ValveWorks India,340,261,4,1,19,13.5,725.37,774956.99,5389.93,788446.6,96.75,No,On Hold,B-2504-341
PO-2025-00390,2025-04-02,PUNE-01,Pune,West,Line-3,Night,PU-M07,OP-1022,PRD-1006,Bearing Set B12,Components,SUP-01,Bharat Metals,170,153,6,4,9,5.8,382.92,41549.24,2521.54,48033.8,93.76,No,Completed,B-2504-820
PO-2025-00602,2025-04-02,CHENNAI-01,Chennai,South,Line-2,Night,CH-M06,OP-1006,PRD-1003,Drive Shaft 600mm,Assemblies,SUP-03,Precision Forge,490,420,19,5,76,13.4,1386.69,625929.73,5585.56,646935.37,92.75,Yes,Completed,B-2504-201
PO-2025-00047,2025-04-03,CHENNAI-01,Chennai,South,Line-1,Evening,CH-M02,OP-1019,PRD-1006,Bearing Set B12,Components,SUP-01,Bharat Metals,340,314,0,0,45,12.15,919.22,104443.01,5361.77,117932.92,99.39,No,Completed,B-2504-980
PO-2025-00144,2025-04-03,PUNE-01,Pune,West,Line-2,Morning,PU-M09,OP-1047,PRD-1004,Industrial Pump A2,Finished Goods,SUP-04,FlowTech Parts,460,413,19,5,57,12.96,994.89,2122525.71,5817.18,2149864.36,93.52,No,Completed,B-2504-821
PO-2025-00787,2025-04-04,NOIDA-01,Noida,North,Line-4,Night,NO-M11,OP-1007,PRD-1002,Aluminium Housing,Components,SUP-02,Nova Aluminium,180,162,5,2,2,7.84,619.59,144595.21,3102.44,154535.5,94.0,No,On Hold,B-2504-463
PO-2025-00680,2025-04-05,NOIDA-01,Noida,North,Line-3,Morning,NO-M01,OP-1075,PRD-1003,Drive Shaft 600mm,Assemblies,SUP-03,Precision Forge,110,104,3,1,27,4.86,491.23,125349.13,1916.78,131668.96,94.35,No,Completed,B-2504-729
PO-2025-00949,2025-04-05,NOIDA-01,Noida,North,Line-4,Morning,NO-M08,OP-1042,PRD-1006,Bearing Set B12,Components,SUP-01,Bharat Metals,240,224,0,0,30,15.11,1142.37,59819.29,4845.64,74806.67,99.5,No,On Hold,B-2504-721
PO-2025-00124,2025-04-06,CHENNAI-01,Chennai,South,Line-4,Morning,CH-M07,OP-1028,PRD-1005,Control Valve V5,Finished Goods,SUP-05,ValveWorks India,310,255,8,4,0,10.75,554.0,738490.14,4509.17,754954.22,94.18,No,Completed,B-2504-948
PO-2025-00226,2025-04-07,PUNE-01,Pune,West,Line-4,Morning,PU-M08,OP-1074,PRD-1008,Hydraulic Cylinder H8,Finished Goods,SUP-03,Precision Forge,300,272,10,7,67,13.6,852.66,1405806.88,4399.43,1438785.28,94.27,No,Completed,B-2504-709
PO-2025-00472,2025-04-07,PUNE-01,Pune,West,Line-4,Morning,PU-M05,OP-1067,PRD-1005,Control Valve V5,Finished Goods,SUP-05,ValveWorks India,290,220,7,5,49,11.96,726.77,557222.63,5047.5,577590.58,94.15,No,Completed,B-2504-251
PO-2025-00211,2025-04-08,PUNE-01,Pune,West,Line-2,Morning,PU-M01,OP-1085,PRD-1008,Hydraulic Cylinder H8,Finished Goods,SUP-03,Precision Forge,430,390,0,0,86,14.1,2192.6,1702215.91,6028.01,1726168.32,99.77,Yes,Completed,B-2504-981
PO-2025-00724,2025-04-08,CHENNAI-01,Chennai,South,Line-1,Morning,CH-M12,OP-1049,PRD-1007,Motor Assembly M3,Assemblies,SUP-06,ElectroMotion Ltd,430,371,1,0,51,11.87,742.24,1316596.47,4117.91,1326736.21,98.63,No,Cancelled,B-2504-819
PO-2025-00298,2025-04-09,PUNE-01,Pune,West,Line-2,Night,PU-M10,OP-1009,PRD-1004,Industrial Pump A2,Finished Goods,SUP-04,FlowTech Parts,450,420,8,3,34,24.73,2364.45,1672193.25,7718.52,1707730.01,96.02,No,On Hold,B-2504-881
PO-2025-00512,2025-04-09,PUNE-01,Pune,West,Line-4,Night,PU-M07,OP-1031,PRD-1002,Aluminium Housing,Components,SUP-02,Nova Aluminium,260,215,7,3,10,9.64,1215.4,159107.98,3466.72,173190.49,93.85,Yes,Completed,B-2504-619
PO-2025-00597,2025-04-09,CHENNAI-01,Chennai,South,Line-1,Night,CH-M06,OP-1013,PRD-1006,Bearing Set B12,Components,SUP-01,Bharat Metals,190,141,2,1,21,10.21,619.3,52936.75,3928.54,61565.55,96.92,No,On Hold,B-2504-112
PO-2025-00844,2025-04-09,NOIDA-01,Noida,North,Line-1,Morning,NO-M10,OP-1068,PRD-1004,Industrial Pump A2,Finished Goods,SUP-04,FlowTech Parts,160,144,0,0,37,5.08,677.85,757433.13,1497.61,764256.46,98.44,No,Completed,B-2504-369
PO-2025-00866,2025-04-09,PUNE-01,Pune,West,Line-4,Morning,PU-M02,OP-1022,PRD-1002,Aluminium Housing,Components,SUP-02,Nova Aluminium,170,141,9,5,24,6.56,798.31,114147.48,2686.01,125831.84,90.04,No,In Progress,B-2504-336
PO-2025-00253,2025-04-10,CHENNAI-01,Chennai,South,Line-1,Morning,CH-M08,OP-1015,PRD-1005,Control Valve V5,Finished Goods,SUP-05,ValveWorks India,490,395,10,7,29,16.76,1348.45,1159359.55,7336.79,1191150.41,95.64,No,In Progress,B-2504-966
PO-2025-00440,2025-04-10,CHENNAI-01,Chennai,South,Line-1,Night,CH-M04,OP-1028,PRD-1007,Motor Assembly M3,Assemblies,SUP-06,ElectroMotion Ltd,400,398,18,6,57,15.53,1690.42,1222525.63,4819.08,1254257.99,92.07,No,Cancelled,B-2504-244
PO-2025-00197,2025-04-11,CHENNAI-01,Chennai,South,Line-3,Evening,CH-M06,OP-1014,PRD-1003,Drive Shaft 600mm,Assemblies,SUP-03,Precision Forge,240,218,7,5,16,9.9,1021.56,292152.73,3005.3,306641.93,94.33,No,Cancelled,B-2504-699
PO-2025-00281,2025-04-11,CHENNAI-01,Chennai,South,Line-1,Evening,CH-M08,OP-1018,PRD-1008,Hydraulic Cylinder H8,Finished Goods,SUP-03,Precision Forge,230,214,7,3,81,10.22,1257.28,1156656.79,3192.32,1179726.91,94.39,Yes,Cancelled,B-2504-515
PO-2025-00813,2025-04-11,PUNE-01,Pune,West,Line-1,Evening,PU-M07,OP-1050,PRD-1001,Steel Gear 40mm,Components,SUP-01,Bharat Metals,200,128,0,0,27,10.54,383.96,64337.39,3750.53,71557.0,99.4,No,Completed,B-2504-175
PO-2025-00069,2025-04-12,NOIDA-01,Noida,North,Line-4,Morning,NO-M05,OP-1031,PRD-1006,Bearing Set B12,Components,SUP-01,Bharat Metals,170,158,6,2,54,7.27,301.09,46892.75,3249.64,53100.76,93.37,No,Completed,B-2504-344
PO-2025-00922,2025-04-12,CHENNAI-01,Chennai,South,Line-1,Morning,CH-M10,OP-1032,PRD-1004,Industrial Pump A2,Finished Goods,SUP-04,FlowTech Parts,350,256,7,4,27,12.48,562.96,1169986.59,4018.36,1189600.96,94.82,No,In Progress,B-2504-954
PO-2025-00395,2025-04-13,NOIDA-01,Noida,North,Line-4,Morning,NO-M08,OP-1085,PRD-1007,Motor Assembly M3,Assemblies,SUP-06,ElectroMotion Ltd,260,216,11,7,1,7.78,819.26,852283.04,3728.65,878879.7,92.03,No,Completed,B-2504-316
PO-2025-00451,2025-04-13,NOIDA-01,Noida,North,Line-4,Morning,NO-M06,OP-1029,PRD-1008,Hydraulic Cylinder H8,Finished Goods,SUP-03,Precision Forge,400,353,7,3,31,15.17,926.47,1453098.51,7183.35,1478370.45,96.48,No,Completed,B-2504-774
PO-2025-00360,2025-04-14,CHENNAI-01,Chennai,South,Line-4,Night,CH-M10,OP-1057,PRD-1001,Steel Gear 40mm,Components,SUP-01,Bharat Metals,370,292,7,2,28,19.14,1237.82,156865.81,5841.46,173579.41,96.0,No,Completed,B-2504-916
PO-2025-00543,2025-04-14,CHENNAI-01,Chennai,South,Line-3,Night,CH-M09,OP-1070,PRD-1002,Aluminium Housing,Components,SUP-02,Nova Aluminium,290,234,9,7,82,13.07,1305.19,180742.79,3963.94,198206.89,94.15,Yes,Completed,B-2504-810
PO-2025-00764,2025-04-14,NOIDA-01,Noida,North,Line-2,Evening,NO-M09,OP-1040,PRD-1007,Motor Assembly M3,Assemblies,SUP-06,ElectroMotion Ltd,280,232,1,1,43,12.86,649.93,848459.1,5407.55,861065.77,98.36,No,Completed,B-2504-600
PO-2025-00956,2025-04-14,NOIDA-01,Noida,North,Line-2,Evening,NO-M02,OP-1080,PRD-1003,Drive Shaft 600mm,Assemblies,SUP-03,Precision Forge,370,324,5,2,19,20.1,1138.35,504873.93,9374.17,526050.57,96.12,No,In Progress,B-2504-972
PO-2025-00828,2025-04-15,PUNE-01,Pune,West,Line-2,Morning,PU-M11,OP-1004,PRD-1002,Aluminium Housing,Components,SUP-02,Nova Aluminium,130,126,3,2,60,7.69,590.01,114994.07,3236.2,124071.2,95.97,No,On Hold,B-2504-479
PO-2025-00930,2025-04-15,CHENNAI-01,Chennai,South,Line-1,Night,CH-M03,OP-1023,PRD-1005,Control Valve V5,Finished Goods,SUP-05,ValveWorks India,250,201,6,3,23,10.12,1119.3,566658.35,2924.48,584058.94,95.35,No,Completed,B-2504-728
PO-2025-00810,2025-04-16,PUNE-01,Pune,West,Line-2,Morning,PU-M03,OP-1016,PRD-1002,Aluminium Housing,Components,SUP-02,Nova Aluminium,490,396,9,4,92,15.36,1682.95,318360.07,5881.91,338572.03,95.78,Yes,Completed,B-2504-935
PO-2025-00978,2025-04-16,PUNE-01,Pune,West,Line-3,Evening,PU-M09,OP-1052,PRD-1002,Aluminium Housing,Components,SUP-02,Nova Aluminium,370,351,1,0,31,15.55,790.74,316899.67,4844.18,328973.34,98.93,No,Completed,B-2504-133
PO-2025-00432,2025-04-17,CHENNAI-01,Chennai,South,Line-4,Morning,CH-M02,OP-1074,PRD-1008,Hydraulic Cylinder H8,Finished Goods,SUP-03,Precision Forge,500,420,15,11,49,15.73,2242.23,2378139.56,4865.57,2434913.17,94.2,No,Cancelled,B-2504-385
PO-2025-00698,2025-04-17,NOIDA-01,Noida,North,Line-2,Evening,NO-M09,OP-1031,PRD-1001,Steel Gear 40mm,Components,SUP-01,Bharat Metals,380,349,18,6,30,12.99,1363.53,120588.95,4995.89,137944.14,91.35,Yes,Completed,B-2504-727
PO-2025-00167,2025-04-19,CHENNAI-01,Chennai,South,Line-1,Night,CH-M11,OP-1064,PRD-1004,Industrial Pump A2,Finished Goods,SUP-04,FlowTech Parts,460,434,6,4,45,19.27,1657.48,2243075.26,6669.75,2272608.85,96.86,No,Completed,B-2504-898
PO-2025-00422,2025-04-19,PUNE-01,Pune,West,Line-2,Night,PU-M12,OP-1020,PRD-1002,Aluminium Housing,Components,SUP-02,Nova Aluminium,100,73,0,0,57,6.46,415.61,59499.4,2251.82,65406.83,98.22,Yes,Completed,B-2504-528
PO-2025-00539,2025-04-19,CHENNAI-01,Chennai,South,Line-3,Evening,CH-M05,OP-1082,PRD-1002,Aluminium Housing,Components,SUP-02,Nova Aluminium,300,257,12,3,32,13.27,872.47,203614.56,6263.23,218453.12,92.07,No,In Progress,B-2504-614
PO-2025-00646,2025-04-19,PUNE-01,Pune,West,Line-4,Evening,PU-M04,OP-1070,PRD-1008,Hydraulic Cylinder H8,Finished Goods,SUP-03,Precision Forge,170,167,0,0,20,12.65,642.91,695312.05,3724.68,705009.52,99.56,No,Completed,B-2504-124
PO-2025-00835,2025-04-19,CHENNAI-01,Chennai,South,Line-4,Night,CH-M01,OP-1046,PRD-1005,Control Valve V5,Finished Goods,SUP-05,ValveWorks India,190,162,2,1,1,8.9,506.36,339974.06,3893.67,349882.47,97.11,No,Cancelled,B-2504-882
PO-2025-00884,2025-04-19,NOIDA-01,Noida,North,Line-2,Evening,NO-M10,OP-1006,PRD-1003,Drive Shaft 600mm,Assemblies,SUP-03,Precision Forge,240,229,7,4,47,11.73,581.85,314021.18,4080.82,326697.81,95.61,No,On Hold,B-2504-900
PO-2025-00482,2025-04-20,CHENNAI-01,Chennai,South,Line-2,Evening,CH-M12,OP-1059,PRD-1007,Motor Assembly M3,Assemblies,SUP-06,ElectroMotion Ltd,350,329,12,4,16,15.5,646.5,1205256.17,5717.89,1225600.46,94.26,No,Completed,B-2504-466
PO-2025-00019,2025-04-22,NOIDA-01,Noida,North,Line-2,Evening,NO-M07,OP-1009,PRD-1007,Motor Assembly M3,Assemblies,SUP-06,ElectroMotion Ltd,300,247,2,1,34,10.13,1151.71,1011718.71,3927.3,1027931.19,97.53,No,Completed,B-2504-738
PO-2025-00606,2025-04-22,PUNE-01,Pune,West,Line-1,Morning,PU-M07,OP-1079,PRD-1007,Motor Assembly M3,Assemblies,SUP-06,ElectroMotion Ltd,200,199,4,2,22,13.67,737.33,591542.6,6105.28,607595.9,95.81,No,Cancelled,B-2504-246
PO-2025-00971,2025-04-24,PUNE-01,Pune,West,Line-4,Morning,PU-M04,OP-1050,PRD-1002,Aluminium Housing,Components,SUP-02,Nova Aluminium,360,301,11,5,60,12.81,974.15,226019.54,5992.23,241660.91,93.68,Yes,Completed,B-2504-905
PO-2025-00999,2025-04-24,PUNE-01,Pune,West,Line-2,Evening,PU-M03,OP-1060,PRD-1004,Industrial Pump A2,Finished Goods,SUP-04,FlowTech Parts,340,322,9,5,70,10.53,1832.68,1308953.61,3529.7,1342623.18,95.88,No,In Progress,B-2504-635
PO-2025-00001,2025-04-25,PUNE-01,Pune,West,Line-2,Evening,PU-M10,OP-1036,PRD-1005,Control Valve V5,Finished Goods,SUP-05,ValveWorks India,230,233,2,1,46,9.9,646.32,492364.37,3165.7,502840.15,97.82,No,Completed,B-2504-877
PO-2025-00431,2025-04-26,CHENNAI-01,Chennai,South,Line-4,Morning,CH-M11,OP-1039,PRD-1003,Drive Shaft 600mm,Assemblies,SUP-03,Precision Forge,150,158,4,2,49,10.04,349.07,170533.18,3671.89,178620.52,96.13,No,Completed,B-2504-456
PO-2025-00040,2025-04-27,CHENNAI-01,Chennai,South,Line-2,Morning,CH-M05,OP-1054,PRD-1002,Aluminium Housing,Components,SUP-02,Nova Aluminium,490,468,3,2,2,18.43,2406.58,328014.91,7192.36,355580.53,97.44,No,On Hold,B-2504-373
PO-2025-00113,2025-04-27,NOIDA-01,Noida,North,Line-2,Night,NO-M05,OP-1031,PRD-1004,Industrial Pump A2,Finished Goods,SUP-04,FlowTech Parts,450,395,10,6,56,12.35,2010.47,1349420.25,5552.04,1389344.19,95.24,No,Completed,B-2504-832
PO-2025-00796,2025-04-27,PUNE-01,Pune,West,Line-1,Night,PU-M10,OP-1034,PRD-1008,Hydraulic Cylinder H8,Finished Goods,SUP-03,Precision Forge,130,100,4,1,52,6.6,424.82,481867.47,2176.09,491199.31,93.23,No,On Hold,B-2504-157
PO-2025-00036,2025-04-28,NOIDA-01,Noida,North,Line-4,Evening,NO-M09,OP-1070,PRD-1004,Industrial Pump A2,Finished Goods,SUP-04,FlowTech Parts,490,451,16,5,48,26.88,1918.6,2320024.48,9887.29,2359354.03,94.49,No,Completed,B-2504-712
PO-2025-00166,2025-04-29,CHENNAI-01,Chennai,South,Line-4,Morning,CH-M09,OP-1080,PRD-1008,Hydraulic Cylinder H8,Finished Goods,SUP-03,Precision Forge,320,292,14,8,73,16.26,569.5,1185788.15,6244.85,1222393.7,92.03,No,Completed,B-2504-903
PO-2025-00533,2025-04-29,NOIDA-01,Noida,North,Line-1,Morning,NO-M06,OP-1040,PRD-1003,Drive Shaft 600mm,Assemblies,SUP-03,Precision Forge,380,364,5,3,63,22.59,1617.17,361024.61,8229.12,384555.69,96.91,No,On Hold,B-2504-290
PO-2025-00824,2025-04-29,CHENNAI-01,Chennai,South,Line-1,Morning,CH-M06,OP-1072,PRD-1002,Aluminium Housing,Components,SUP-02,Nova Aluminium,470,440,2,1,0,19.42,2219.25,417533.42,8254.87,442619.69,98.9,No,In Progress,B-2504-327
PO-2025-00203,2025-04-30,CHENNAI-01,Chennai,South,Line-1,Night,CH-M03,OP-1061,PRD-1002,Aluminium Housing,Components,SUP-02,Nova Aluminium,320,230,4,2,0,8.75,422.95,161596.42,2612.77,168896.3,96.09,No,Completed,B-2504-687
PO-2025-00330,2025-04-30,PUNE-01,Pune,West,Line-4,Evening,PU-M02,OP-1017,PRD-1003,Drive Shaft 600mm,Assemblies,SUP-03,Precision Forge,490,383,11,8,13,13.07,1442.48,605931.38,4602.55,629638.07,94.74,No,Completed,B-2504-214
PO-2025-00811,2025-04-30,PUNE-01,Pune,West,Line-4,Morning,PU-M01,OP-1071,PRD-1003,Drive Shaft 600mm,Assemblies,SUP-03,Precision Forge,220,197,9,4,38,8.83,404.86,266282.03,4005.0,277311.06,92.39,No,Completed,B-2504-293
PO-2025-00122,2025-05-01,PUNE-01,Pune,West,Line-2,Evening,PU-M12,OP-1038,PRD-1004,Industrial Pump A2,Finished Goods,SUP-04,FlowTech Parts,450,364,2,1,75,16.55,1849.55,1787033.73,6520.95,1811767.3,98.16,No,Completed,B-2505-978
PO-2025-00196,2025-05-01,PUNE-01,Pune,West,Line-4,Evening,PU-M06,OP-1076,PRD-1008,Hydraulic Cylinder H8,Finished Goods,SUP-03,Precision Forge,500,479,21,14,49,16.65,2131.28,2250491.95,4806.65,2317718.03,93.45,No,Cancelled,B-2505-689
PO-2025-00521,2025-05-01,CHENNAI-01,Chennai,South,Line-2,Morning,CH-M09,OP-1061,PRD-1005,Control Valve V5,Finished Goods,SUP-05,ValveWorks India,250,224,2,1,0,9.48,953.34,615426.96,3130.75,628125.08,97.06,Yes,In Progress,B-2505-283
PO-2025-00683,2025-05-01,PUNE-01,Pune,West,Line-2,Evening,PU-M11,OP-1005,PRD-1002,Aluminium Housing,Components,SUP-02,Nova Aluminium,360,346,13,5,71,17.63,1243.89,297884.39,7304.61,318678.5,94.2,No,In Progress,B-2505-296
PO-2025-00679,2025-05-02,CHENNAI-01,Chennai,South,Line-1,Morning,CH-M12,,PRD-1004,Industrial Pump A2,Finished Goods,SUP-04,FlowTech Parts,390,316,15,7,63,10.89,1359.4,1137233.88,3761.72,1171020.31,93.21,No,In Progress,B-2505-604
PO-2025-00777,2025-05-02,NOIDA-01,Noida,North,Line-3,Evening,NO-M02,OP-1019,PRD-1002,Aluminium Housing,Components,SUP-02,Nova Aluminium,100,102,2,1,52,5.61,594.09,78415.01,1618.62,84835.74,97.08,No,Cancelled,B-2505-210
PO-2025-00032,2025-05-04,NOIDA-01,Noida,North,Line-2,Evening,NO-M04,OP-1047,PRD-1004,Industrial Pump A2,Finished Goods,SUP-04,FlowTech Parts,280,268,11,7,45,14.0,1030.02,1408757.82,5388.98,1441314.23,94.07,No,Completed,B-2505-825
PO-2025-00127,2025-05-04,CHENNAI-01,Chennai,South,Line-1,Night,CH-M11,OP-1022,PRD-1003,Drive Shaft 600mm,Assemblies,SUP-03,Precision Forge,380,345,8,3,64,11.1,1730.1,368581.56,5312.33,389361.84,95.8,No,Cancelled,B-2505-318
PO-2025-00138,2025-05-04,NOIDA-01,Noida,North,Line-2,Evening,NO-M07,OP-1066,PRD-1006,Bearing Set B12,Components,SUP-01,Bharat Metals,210,162,7,5,94,11.6,547.28,57005.17,3746.85,66791.26,93.68,Yes,Completed,B-2505-793
PO-2025-00023,2025-05-05,CHENNAI-01,Chennai,South,Line-3,Morning,CH-M11,OP-1036,PRD-1003,Drive Shaft 600mm,Assemblies,SUP-03,Precision Forge,370,260,0,0,0,11.75,992.97,343654.94,5398.44,357827.3,99.15,No,On Hold,B-2505-596
PO-2025-00244,2025-05-05,NOIDA-01,Noida,North,Line-3,Evening,NO-M10,OP-1041,PRD-1005,Control Valve V5,Finished Goods,SUP-05,ValveWorks India,290,223,8,5,81,8.7,1099.09,746941.31,3277.57,768459.99,93.3,Yes,Completed,B-2505-638
PO-2025-00628,2025-05-05,NOIDA-01,Noida,North,Line-2,Evening,NO-M11,OP-1061,PRD-1003,Drive Shaft 600mm,Assemblies,SUP-03,Precision Forge,410,351,19,12,49,12.06,2005.94,442317.84,4382.61,471937.56,91.83,No,On Hold,B-2505-448
PO-2025-00691,2025-05-05,NOIDA-01,Noida,North,Line-1,Morning,NO-M03,OP-1019,PRD-1008,Hydraulic Cylinder H8,Finished Goods,SUP-03,Precision Forge,400,381,9,6,70,17.36,1027.98,2110014.52,8023.51,2145952.42,94.95,No,On Hold,B-2505-934
PO-2025-00413,2025-05-08,CHENNAI-01,Chennai,South,Line-4,Morning,CH-M11,OP-1068,PRD-1001,Steel Gear 40mm,Components,SUP-01,Bharat Metals,470,479,21,11,58,23.22,2172.64,267005.43,10889.91,299965.11,93.79,No,Completed,B-2505-176
PO-2025-00553,2025-05-08,PUNE-01,Pune,West,Line-4,Morning,PU-M05,OP-1044,PRD-1003,Drive Shaft 600mm,Assemblies,SUP-03,Precision Forge,240,188,6,3,39,7.46,540.28,215939.47,2581.2,225702.75,94.71,No,In Progress,B-2505-438
PO-2025-00730,2025-05-08,PUNE-01,Pune,West,Line-4,Evening,PU-M10,OP-1022,PRD-1002,Aluminium Housing,Components,SUP-02,Nova Aluminium,500,389,23,6,87,13.82,2293.32,246409.97,4669.36,273532.68,90.04,Yes,In Progress,B-2505-874
PO-2025-00008,2025-05-09,PUNE-01,Pune,West,Line-4,Morning,PU-M04,OP-1029,PRD-1008,Hydraulic Cylinder H8,Finished Goods,SUP-03,Precision Forge,430,412,18,10,1,14.84,1986.89,2269640.96,5339.41,2324072.03,93.21,No,Completed,B-2505-702
PO-2025-00954,2025-05-09,PUNE-01,Pune,West,Line-1,Evening,PU-M11,OP-1023,PRD-1005,Control Valve V5,Finished Goods,SUP-05,ValveWorks India,420,372,8,5,40,15.91,2118.24,1123131.41,7552.65,1155802.76,96.3,No,In Progress,B-2505-529
PO-2025-00492,2025-05-10,CHENNAI-01,Chennai,South,Line-4,Night,CH-M12,OP-1046,PRD-1003,Drive Shaft 600mm,Assemblies,SUP-03,Precision Forge,260,248,7,4,47,12.71,1070.57,263319.44,3754.04,278660.87,95.07,No,Completed,B-2505-554
PO-2025-00297,2025-05-12,NOIDA-01,Noida,North,Line-4,Morning,NO-M05,OP-1006,PRD-1003,Drive Shaft 600mm,Assemblies,SUP-03,Precision Forge,220,208,9,6,30,11.34,791.06,230249.85,3249.57,245278.3,92.87,No,Cancelled,B-2505-110
PO-2025-00555,2025-05-12,PUNE-01,Pune,West,Line-2,Night,PU-M09,OP-1041,PRD-1005,Control Valve V5,Finished Goods,SUP-05,ValveWorks India,320,303,12,4,37,18.7,1188.53,831475.85,7019.88,856336.45,92.71,No,In Progress,B-2505-986
PO-2025-00490,2025-05-13,CHENNAI-01,Chennai,South,Line-4,Night,CH-M11,OP-1003,PRD-1001,Steel Gear 40mm,Components,SUP-01,Bharat Metals,140,139,4,2,17,7.13,736.02,48507.07,2075.34,57708.42,94.51,No,Completed,B-2505-496
PO-2025-00317,2025-05-14,NOIDA-01,Noida,North,Line-1,Morning,NO-M09,OP-1083,PRD-1007,Motor Assembly M3,Assemblies,SUP-06,ElectroMotion Ltd,280,268,9,5,0,12.76,572.88,867867.78,4535.72,888430.21,94.27,No,Completed,B-2505-191
PO-2025-00467,2025-05-14,PUNE-01,Pune,West,Line-2,Morning,PU-M08,OP-1024,PRD-1006,Bearing Set B12,Components,SUP-01,Bharat Metals,320,266,2,1,97,12.78,875.63,95502.92,3954.87,107663.72,97.61,Yes,Completed,B-2505-129
PO-2025-00614,2025-05-14,CHENNAI-01,Chennai,South,Line-3,Evening,CH-M04,OP-1020,PRD-1006,Bearing Set B12,Components,SUP-01,Bharat Metals,470,459,7,4,62,15.95,2286.65,118226.86,7216.58,143026.7,96.33,No,Completed,B-2505-960
PO-2025-00619,2025-05-14,NOIDA-01,Noida,North,Line-3,Night,NO-M05,OP-1071,PRD-1001,Steel Gear 40mm,Components,SUP-01,Bharat Metals,440,388,15,4,67,15.43,1264.99,204240.56,6740.2,222369.9,93.97,No,Completed,B-2505-373
PO-2025-00727,2025-05-14,NOIDA-01,Noida,North,Line-1,Morning,NO-M04,OP-1008,PRD-1007,Motor Assembly M3,Assemblies,SUP-06,ElectroMotion Ltd,100,78,2,1,58,5.32,400.32,290333.34,1613.57,297112.64,95.01,No,Completed,B-2505-469
PO-2025-00110,2025-05-16,PUNE-01,Pune,West,Line-1,Night,PU-M09,OP-1032,PRD-1003,Drive Shaft 600mm,Assemblies,SUP-03,Precision Forge,350,271,13,6,73,16.69,629.48,321196.5,5959.12,337027.04,92.59,No,Completed,B-2505-801
PO-2025-00391,2025-05-18,PUNE-01,Pune,West,Line-2,Morning,PU-M05,OP-1011,PRD-1008,Hydraulic Cylinder H8,Finished Goods,SUP-03,Precision Forge,190,170,2,1,23,8.58,454.65,1000321.21,3158.69,1010851.56,98.16,No,Completed,B-2505-165
PO-2025-00096,2025-05-19,NOIDA-01,Noida,North,Line-4,Night,NO-M03,OP-1029,PRD-1007,Motor Assembly M3,Assemblies,SUP-06,ElectroMotion Ltd,310,303,7,5,21,10.51,1385.41,1052425.66,4316.53,1078627.11,96.44,No,Completed,B-2505-405
PO-2025-00247,2025-05-20,CHENNAI-01,Chennai,South,Line-3,Evening,CH-M02,OP-1020,PRD-1003,Drive Shaft 600mm,Assemblies,SUP-03,Precision Forge,480,456,19,12,0,13.64,1771.24,639028.71,5333.72,667058.3,93.13,No,Completed,B-2505-447
PO-2025-00694,2025-05-20,CHENNAI-01,Chennai,South,Line-1,Evening,CH-M11,OP-1018,PRD-1008,Hydraulic Cylinder H8,Finished Goods,SUP-03,Precision Forge,430,437,11,5,42,15.43,2262.97,1992864.06,6857.6,2033401.0,94.93,No,In Progress,B-2505-256
PO-2025-00234,2025-05-21,PUNE-01,Pune,West,Line-2,Night,PU-M09,OP-1026,PRD-1007,Motor Assembly M3,Assemblies,SUP-06,ElectroMotion Ltd,410,403,8,5,63,19.59,1020.92,1640408.86,6775.34,1666602.69,96.85,No,Completed,B-2505-805
PO-2025-00654,2025-05-21,CHENNAI-01,Chennai,South,Line-2,Morning,CH-M08,OP-1066,PRD-1004,Industrial Pump A2,Finished Goods,SUP-04,FlowTech Parts,380,348,5,2,19,13.92,1177.32,1522139.8,6135.57,1542590.52,97.76,No,Completed,B-2505-679
PO-2025-00342,2025-05-24,NOIDA-01,Noida,North,Line-2,Evening,NO-M04,OP-1058,PRD-1007,Motor Assembly M3,Assemblies,SUP-06,ElectroMotion Ltd,410,372,6,3,0,20.36,1345.61,1223960.25,7378.68,1247810.41,96.98,No,Cancelled,B-2505-638
PO-2025-00116,2025-05-26,CHENNAI-01,Chennai,South,Line-1,Night,CH-M03,OP-1032,PRD-1005,Control Valve V5,Finished Goods,SUP-05,ValveWorks India,290,242,7,3,39,11.11,1125.33,596636.45,4911.03,615132.28,94.42,No,On Hold,B-2505-263
PO-2025-00349,2025-05-26,CHENNAI-01,Chennai,South,Line-4,Morning,CH-M07,OP-1082,PRD-1006,Bearing Set B12,Components,SUP-01,Bharat Metals,240,244,8,5,0,10.69,1173.53,66966.26,3122.83,80806.07,94.68,No,Completed,B-2505-375
PO-2025-00494,2025-05-26,PUNE-01,Pune,West,Line-4,Morning,PU-M07,OP-1050,PRD-1004,Industrial Pump A2,Finished Goods,SUP-04,FlowTech Parts,360,295,7,2,72,11.65,890.0,1461288.02,3458.87,1477161.35,95.58,No,Completed,B-2505-310
PO-2025-00005,2025-05-27,CHENNAI-01,Chennai,South,Line-4,Night,CH-M02,OP-1050,PRD-1003,Drive Shaft 600mm,Assemblies,SUP-03,Precision Forge,230,182,4,2,36,11.2,446.17,263678.49,5064.87,273750.81,96.64,No,In Progress,B-2505-641
PO-2025-00913,2025-05-27,NOIDA-01,Noida,North,Line-3,Morning,NO-M12,OP-1041,PRD-1008,Hydraulic Cylinder H8,Finished Goods,SUP-03,Precision Forge,390,385,1,0,66,17.41,1767.81,1627207.54,6909.88,1648032.92,98.41,No,Completed,B-2505-614
PO-2025-00100,2025-05-28,CHENNAI-01,Chennai,South,Line-1,Evening,CH-M07,OP-1078,PRD-1001,Steel Gear 40mm,Components,SUP-01,Bharat Metals,430,356,12,6,19,15.58,1115.8,156744.86,5518.68,173334.16,93.79,No,Completed,B-2505-292
PO-2025-00186,2025-05-28,CHENNAI-01,Chennai,South,Line-4,Night,CH-M09,OP-1019,PRD-1006,Bearing Set B12,Components,SUP-01,Bharat Metals,80,62,1,0,65,6.22,294.75,18880.49,2672.48,24261.07,97.12,No,Completed,B-2505-731
PO-2025-00701,2025-05-28,PUNE-01,Pune,West,Line-3,Evening,PU-M01,OP-1033,PRD-1002,Aluminium Housing,Components,SUP-02,Nova Aluminium,310,301,3,1,23,16.57,800.24,282028.44,7483.39,296947.06,97.72,Yes,In Progress,B-2505-262
PO-2025-00433,2025-05-29,PUNE-01,Pune,West,Line-4,Night,PU-M09,OP-1030,PRD-1006,Bearing Set B12,Components,SUP-01,Bharat Metals,160,153,3,2,50,9.2,513.54,55067.32,3028.47,62693.27,96.36,No,On Hold,B-2505-832
PO-2025-00191,2025-05-30,NOIDA-01,Noida,North,Line-1,Night,NO-M09,OP-1082,PRD-1008,Hydraulic Cylinder H8,Finished Goods,SUP-03,Precision Forge,300,269,11,4,87,11.13,1373.47,1612320.36,5078.73,1640148.65,93.11,Yes,Completed,B-2505-954
PO-2025-00536,2025-06-01,PUNE-01,Pune,West,Line-4,Night,PU-M04,OP-1061,PRD-1003,Drive Shaft 600mm,Assemblies,SUP-03,Precision Forge,270,236,8,5,30,12.0,586.3,344771.65,3371.87,356682.89,95.07,No,In Progress,B-2506-823
PO-2025-00328,2025-06-02,PUNE-01,Pune,West,Line-3,Night,PU-M02,OP-1065,PRD-1005,Control Valve V5,Finished Goods,SUP-05,ValveWorks India,230,192,4,1,17,10.97,436.0,422515.46,4521.52,432453.96,96.63,Yes,Cancelled,B-2506-777
PO-2025-00522,2025-06-03,CHENNAI-01,Chennai,South,Line-1,Morning,CH-M05,OP-1037,PRD-1002,Aluminium Housing,Components,SUP-02,Nova Aluminium,80,68,2,1,69,4.36,172.23,45422.83,1526.39,48908.64,95.48,No,In Progress,B-2506-698
PO-2025-00749,2025-06-03,NOIDA-01,Noida,North,Line-2,Evening,NO-M01,OP-1035,PRD-1007,Motor Assembly M3,Assemblies,SUP-06,ElectroMotion Ltd,400,365,11,6,0,20.63,712.74,1137714.2,7940.02,1164430.95,95.45,No,Cancelled,B-2506-988
PO-2025-00263,2025-06-04,NOIDA-01,Noida,North,Line-4,Morning,NO-M11,OP-1057,PRD-1008,Hydraulic Cylinder H8,Finished Goods,SUP-03,Precision Forge,310,256,5,3,46,9.29,560.43,1544116.85,2887.61,1561206.03,95.48,No,Completed,B-2506-315
PO-2025-00042,2025-06-05,CHENNAI-01,Chennai,South,Line-4,Evening,CH-M06,OP-1080,PRD-1001,Steel Gear 40mm,Components,SUP-01,Bharat Metals,160,127,3,2,13,5.9,501.95,63299.98,2135.77,70346.86,96.42,No,Cancelled,B-2506-182
PO-2025-00128,2025-06-05,CHENNAI-01,Chennai,South,Line-3,Night,CH-M01,OP-1085,PRD-1008,Hydraulic Cylinder H8,Finished Goods,SUP-03,Precision Forge,210,195,6,4,24,8.7,1111.66,809803.45,2917.92,833671.37,94.7,No,Completed,B-2506-630
PO-2025-00634,2025-06-05,PUNE-01,Pune,West,Line-1,Morning,PU-M08,OP-1021,PRD-1003,Drive Shaft 600mm,Assemblies,SUP-03,Precision Forge,230,219,8,3,42,13.19,473.64,224469.29,4791.54,235961.44,93.64,No,Completed,B-2506-332
PO-2025-00770,2025-06-05,PUNE-01,Pune,West,Line-4,Morning,PU-M03,OP-1024,PRD-1004,Industrial Pump A2,Finished Goods,SUP-04,FlowTech Parts,180,176,8,5,44,8.87,791.78,792816.3,3807.04,816129.6,93.43,Yes,On Hold,B-2506-838
PO-2025-00678,2025-06-06,PUNE-01,Pune,West,Line-4,Morning,PU-M07,OP-1061,PRD-1006,Bearing Set B12,Components,SUP-01,Bharat Metals,340,307,2,1,8,17.13,1149.54,81882.56,5872.02,98493.81,98.3,No,Completed,B-2506-479
PO-2025-00181,2025-06-07,CHENNAI-01,Chennai,South,Line-1,Evening,CH-M04,OP-1028,PRD-1001,Steel Gear 40mm,Components,SUP-01,Bharat Metals,480,398,1,0,4,13.77,1067.82,142856.22,5246.76,156768.39,98.68,No,Completed,B-2506-469
PO-2025-00219,2025-06-07,NOIDA-01,Noida,North,Line-3,Night,NO-M12,OP-1063,PRD-1002,Aluminium Housing,Components,SUP-02,Nova Aluminium,160,145,0,0,11,7.25,278.08,127904.28,2393.51,132324.12,98.73,No,Completed,B-2506-656
PO-2025-00372,2025-06-07,CHENNAI-01,Chennai,South,Line-1,Night,CH-M10,OP-1063,PRD-1007,Motor Assembly M3,Assemblies,SUP-06,ElectroMotion Ltd,320,283,16,8,84,14.33,1193.65,1145110.54,4279.63,1175618.38,91.09,Yes,Completed,B-2506-291
PO-2025-00896,2025-06-07,CHENNAI-01,Chennai,South,Line-2,Night,CH-M01,OP-1008,PRD-1005,Control Valve V5,Finished Goods,SUP-05,ValveWorks India,440,384,7,2,44,13.35,1545.62,1230858.63,4865.4,1250388.69,96.21,Yes,Completed,B-2506-865
PO-2025-00480,2025-06-08,CHENNAI-01,Chennai,South,Line-4,Morning,CH-M02,OP-1039,PRD-1005,Control Valve V5,Finished Goods,SUP-05,ValveWorks India,80,74,0,0,49,5.28,418.73,177389.41,1587.81,182014.79,99.09,No,Completed,B-2506-939
PO-2025-00131,2025-06-09,NOIDA-01,Noida,North,Line-2,Morning,NO-M01,OP-1018,PRD-1006,Bearing Set B12,Components,SUP-01,,330,277,3,1,0,14.22,763.01,111588.33,4311.47,122634.79,98.38,No,Completed,B-2506-608
PO-2025-00386,2025-06-09,CHENNAI-01,Chennai,South,Line-4,Morning,CH-M06,OP-1018,PRD-1001,Steel Gear 40mm,Components,SUP-01,Bharat Metals,320,272,8,6,56,13.94,1108.21,115739.26,4755.9,130886.79,94.87,No,Completed,B-2506-258
PO-2025-00411,2025-06-09,NOIDA-01,Noida,North,Line-3,Evening,NO-M09,OP-1030,PRD-1003,Drive Shaft 600mm,Assemblies,SUP-03,Precision Forge,170,170,9,7,2,7.04,721.17,186809.07,3359.83,202385.65,91.68,No,Completed,B-2506-412
PO-2025-00604,2025-06-09,PUNE-01,Pune,West,Line-4,Evening,PU-M07,OP-1036,PRD-1004,Industrial Pump A2,Finished Goods,SUP-04,FlowTech Parts,470,369,3,1,79,16.14,1613.97,1866389.14,6897.05,1888604.76,97.62,Yes,Completed,B-2506-936
PO-2025-00709,2025-06-10,PUNE-01,Pune,West,Line-4,Morning,PU-M12,OP-1009,PRD-1001,Steel Gear 40mm,Components,SUP-01,Bharat Metals,190,178,7,4,44,9.31,437.21,69051.13,3774.52,77968.16,93.96,No,Completed,B-2506-585
PO-2025-00201,2025-06-11,PUNE-01,Pune,West,Line-2,Evening,PU-M07,OP-1074,PRD-1005,Control Valve V5,Finished Goods,SUP-05,ValveWorks India,330,318,2,1,19,17.69,947.54,1035604.06,6184.76,1052351.67,98.62,Yes,Completed,B-2506-516
PO-2025-00656,2025-06-11,PUNE-01,Pune,West,Line-3,Evening,PU-M09,OP-1078,PRD-1005,Control Valve V5,Finished Goods,SUP-05,ValveWorks India,390,349,2,1,48,19.31,1886.74,1013664.2,6833.89,1037447.5,98.36,No,Completed,B-2506-975
PO-2025-00581,2025-06-12,PUNE-01,Pune,West,Line-4,Evening,PU-M08,OP-1042,PRD-1003,Drive Shaft 600mm,Assemblies,SUP-03,Precision Forge,480,394,16,5,10,13.52,2065.54,619755.57,6351.42,646438.71,92.69,No,Completed,B-2506-100
PO-2025-00667,2025-06-12,PUNE-01,Pune,West,Line-2,Evening,PU-M09,OP-1061,PRD-1001,Steel Gear 40mm,Components,SUP-01,Bharat Metals,240,226,6,4,99,13.34,652.21,102914.14,4353.68,113244.13,96.19,Yes,In Progress,B-2506-271
PO-2025-00990,2025-06-12,NOIDA-01,Noida,North,Line-2,Morning,NO-M10,OP-1082,PRD-1005,Control Valve V5,Finished Goods,SUP-05,ValveWorks India,280,265,4,1,17,9.44,1221.72,671881.88,3243.2,686382.1,96.59,No,Completed,B-2506-782
PO-2025-00002,2025-06-13,NOIDA-01,Noida,North,Line-4,Morning,NO-M09,OP-1038,PRD-1007,Motor Assembly M3,Assemblies,SUP-06,ElectroMotion Ltd,290,261,10,6,0,15.16,844.57,790936.39,4376.54,815267.47,94.41,No,On Hold,B-2506-982
PO-2025-00441,2025-06-14,NOIDA-01,Noida,North,Line-4,Morning,NO-M01,OP-1019,PRD-1006,Bearing Set B12,Components,SUP-01,Bharat Metals,360,293,1,0,44,11.5,996.02,103431.17,3392.5,114328.96,98.39,No,Completed,B-2506-660
PO-2025-00703,2025-06-14,CHENNAI-01,Chennai,South,Line-3,Night,CH-M07,OP-1003,PRD-1004,Industrial Pump A2,Finished Goods,SUP-04,FlowTech Parts,360,316,9,3,42,11.08,1760.51,1497422.92,4259.21,1525219.9,95.52,No,Completed,B-2506-347
PO-2025-00821,2025-06-14,NOIDA-01,Noida,North,Line-1,Morning,NO-M02,OP-1074,PRD-1005,Control Valve V5,Finished Goods,SUP-05,ValveWorks India,360,336,3,2,38,12.59,1124.88,724021.79,4410.11,741387.97,97.49,No,Completed,B-2506-725
PO-2025-00897,2025-06-15,NOIDA-01,Noida,North,Line-4,Night,NO-M03,OP-1085,PRD-1006,Bearing Set B12,Components,SUP-01,Bharat Metals,200,177,7,2,19,6.99,960.15,60782.43,1959.87,70832.84,93.22,No,On Hold,B-2506-163
PO-2025-00288,2025-06-16,NOIDA-01,Noida,North,Line-4,Evening,NO-M10,OP-1019,PRD-1005,Control Valve V5,Finished Goods,SUP-05,ValveWorks India,150,147,2,1,0,9.41,452.89,445328.13,4470.88,455122.39,96.83,No,Cancelled,B-2506-552
PO-2025-00682,2025-06-16,NOIDA-01,Noida,North,Line-2,Night,NO-M03,OP-1005,PRD-1008,Hydraulic Cylinder H8,Finished Goods,SUP-03,Precision Forge,360,294,12,5,62,11.36,1499.34,1808558.78,3883.59,1840239.96,93.85,No,On Hold,B-2506-996
PO-2025-00028,2025-06-17,CHENNAI-01,Chennai,South,Line-1,Night,CH-M01,OP-1045,PRD-1002,Aluminium Housing,Components,SUP-02,Nova Aluminium,450,440,12,7,0,14.03,2050.43,382519.12,5688.44,406982.83,94.79,No,Cancelled,B-2506-479
PO-2025-00655,2025-06-18,PUNE-01,Pune,West,Line-2,Evening,PU-M10,OP-1066,PRD-1007,Motor Assembly M3,Assemblies,SUP-06,,480,451,11,5,24,16.08,876.18,1851092.22,5759.14,1875178.82,95.02,No,Cancelled,B-2506-992
PO-2025-00685,2025-06-18,CHENNAI-01,Chennai,South,Line-3,Evening,CH-M01,OP-1014,PRD-1007,Motor Assembly M3,Assemblies,SUP-06,ElectroMotion Ltd,130,121,6,2,0,7.89,656.94,396590.42,3425.62,409998.75,91.78,No,On Hold,B-2506-306
PO-2025-00172,2025-06-19,PUNE-01,Pune,West,Line-4,Evening,PU-M02,OP-1064,PRD-1008,Hydraulic Cylinder H8,Finished Goods,SUP-03,Precision Forge,280,258,19,5,0,14.42,880.58,1266320.2,6348.44,1295801.91,88.15,No,Completed,B-2506-205
PO-2025-00639,2025-06-19,CHENNAI-01,Chennai,South,Line-2,Morning,CH-M01,OP-1048,PRD-1008,Hydraulic Cylinder H8,Finished Goods,SUP-03,Precision Forge,430,356,1,0,0,18.67,685.23,1370075.75,6251.58,1381261.0,98.81,No,Completed,B-2506-533
PO-2025-00287,2025-06-20,NOIDA-01,Noida,North,Line-1,Night,NO-M06,OP-1045,PRD-1003,Drive Shaft 600mm,Assemblies,SUP-03,Precision Forge,420,441,18,10,20,22.64,874.19,469345.41,7518.32,491737.73,93.27,No,In Progress,B-2506-652
PO-2025-00547,2025-06-20,NOIDA-01,Noida,North,Line-1,Night,NO-M05,OP-1023,PRD-1006,Bearing Set B12,Components,SUP-01,Bharat Metals,440,449,33,17,0,17.85,2462.63,158267.79,8031.32,188184.96,89.32,No,Cancelled,B-2506-510
PO-2025-00805,2025-06-20,CHENNAI-01,Chennai,South,Line-1,Evening,CH-M06,OP-1082,PRD-1003,Drive Shaft 600mm,Assemblies,SUP-03,Precision Forge,90,92,0,0,58,4.62,200.74,135840.84,1355.76,138988.18,98.27,No,In Progress,B-2506-723
PO-2025-00508,2025-06-22,PUNE-01,Pune,West,Line-1,Night,PU-M12,OP-1016,PRD-1001,Steel Gear 40mm,Components,SUP-01,Bharat Metals,420,349,8,4,52,12.24,1061.62,151930.29,4516.13,165532.78,95.97,No,In Progress,B-2506-605
PO-2025-00841,2025-06-22,NOIDA-01,Noida,North,Line-2,Night,NO-M03,OP-1068,PRD-1008,Hydraulic Cylinder H8,Finished Goods,SUP-03,Precision Forge,180,158,4,1,56,8.26,412.86,625991.51,2459.3,634861.58,94.68,No,Completed,B-2506-531
PO-2025-00262,2025-06-23,NOIDA-01,Noida,North,Line-1,Night,NO-M02,OP-1078,PRD-1001,Steel Gear 40mm,Components,SUP-01,,500,525,12,7,4,23.37,2009.6,211909.62,7163.09,236793.04,95.26,No,On Hold,B-2506-856
PO-2025-00169,2025-06-24,CHENNAI-01,Chennai,South,Line-2,Morning,CH-M03,OP-1008,PRD-1006,Bearing Set B12,Components,SUP-01,Bharat Metals,360,309,7,3,60,17.44,1162.57,112976.12,6551.32,129617.11,95.23,No,Completed,B-2506-206
PO-2025-00254,2025-06-24,CHENNAI-01,Chennai,South,Line-2,Night,CH-M03,OP-1062,PRD-1006,Bearing Set B12,Components,SUP-01,Bharat Metals,460,364,6,3,59,12.6,1479.26,110698.2,4689.66,128600.86,97.26,No,Completed,B-2506-313
PO-2025-00396,2025-06-24,NOIDA-01,Noida,North,Line-2,Night,NO-M11,OP-1063,PRD-1002,Aluminium Housing,Components,SUP-02,Nova Aluminium,140,111,4,1,0,6.74,540.04,78379.98,2529.26,86371.35,94.73,No,Cancelled,B-2506-440
PO-2025-00465,2025-06-24,PUNE-01,Pune,West,Line-4,Morning,PU-M02,OP-1034,PRD-1008,Hydraulic Cylinder H8,Finished Goods,SUP-03,Precision Forge,150,147,6,4,79,7.94,377.36,762823.46,3273.3,782364.31,93.71,Yes,Completed,B-2506-828
PO-2025-00532,2025-06-24,PUNE-01,Pune,West,Line-1,Night,PU-M04,OP-1034,PRD-1007,Motor Assembly M3,Assemblies,SUP-06,ElectroMotion Ltd,170,141,3,2,52,9.09,719.77,526189.72,3461.05,540487.19,95.59,No,Completed,B-2506-132
PO-2025-00745,2025-06-25,PUNE-01,Pune,West,Line-2,Morning,PU-M10,OP-1018,PRD-1004,Industrial Pump A2,Finished Goods,SUP-04,FlowTech Parts,480,481,19,13,11,22.33,1908.13,1678083.49,7435.48,1737137.92,93.15,No,In Progress,B-2506-567
PO-2025-00574,2025-06-28,NOIDA-01,Noida,North,Line-3,Morning,NO-M08,OP-1005,PRD-1003,Drive Shaft 600mm,Assemblies,SUP-03,Precision Forge,500,474,28,9,54,24.8,1464.56,731091.58,8259.3,758332.72,90.32,No,Completed,B-2506-517
PO-2025-00292,2025-06-29,NOIDA-01,Noida,North,Line-1,Morning,NO-M03,OP-1034,PRD-1008,Hydraulic Cylinder H8,Finished Goods,SUP-03,Precision Forge,440,385,6,2,67,17.68,804.65,2231702.01,6025.04,2250880.59,96.98,No,Cancelled,B-2506-954
PO-2025-00560,2025-06-30,CHENNAI-01,Chennai,South,Line-1,Evening,CH-M09,OP-1061,PRD-1008,Hydraulic Cylinder H8,Finished Goods,SUP-03,Precision Forge,400,341,17,6,61,13.93,1568.99,1808299.4,4210.96,1845528.75,92.69,No,Completed,B-2506-167
PO-2025-00651,2025-06-30,CHENNAI-01,Chennai,South,Line-4,Evening,CH-M06,OP-1056,PRD-1001,Steel Gear 40mm,Components,SUP-01,Bharat Metals,270,256,3,1,49,12.62,1407.12,95764.11,5402.26,114515.21,97.35,Yes,On Hold,B-2506-810
PO-2025-00163,2025-07-01,CHENNAI-01,Chennai,South,Line-2,Night,CH-M06,OP-1002,PRD-1001,Steel Gear 40mm,Components,SUP-01,Bharat Metals,80,73,2,1,18,5.51,177.47,31824.36,2015.59,35591.13,96.16,No,On Hold,B-2507-295
PO-2025-00176,2025-07-01,NOIDA-01,Noida,North,Line-3,Evening,NO-M03,OP-1018,PRD-1003,Drive Shaft 600mm,Assemblies,SUP-03,Precision Forge,160,154,9,5,73,9.95,576.37,217159.56,3280.0,229206.43,91.2,No,Cancelled,B-2507-866
PO-2025-00549,2025-07-01,CHENNAI-01,Chennai,South,Line-1,Night,CH-M10,OP-1053,PRD-1005,Control Valve V5,Finished Goods,SUP-05,ValveWorks India,80,71,1,1,11,5.73,409.39,205762.86,2313.63,212881.4,96.91,No,Completed,B-2507-724
PO-2025-00599,2025-07-01,NOIDA-01,Noida,North,Line-2,Night,NO-M06,OP-1059,PRD-1003,Drive Shaft 600mm,Assemblies,SUP-03,Precision Forge,360,320,0,0,46,11.31,967.87,351115.08,4339.62,364340.24,99.1,No,On Hold,B-2507-951
PO-2025-00822,2025-07-02,CHENNAI-01,Chennai,South,Line-1,Evening,CH-M02,OP-1056,PRD-1002,Aluminium Housing,Components,SUP-02,Nova Aluminium,500,463,14,4,52,16.24,1290.46,420550.91,4720.12,438209.19,95.41,No,Cancelled,B-2507-115
PO-2025-00887,2025-07-02,NOIDA-01,Noida,North,Line-4,Night,NO-M06,OP-1034,PRD-1006,Bearing Set B12,Components,SUP-01,Bharat Metals,150,135,5,2,19,7.51,494.04,42310.3,2537.27,48988.54,94.14,No,Cancelled,B-2507-491
PO-2025-00911,2025-07-02,PUNE-01,Pune,West,Line-2,Night,PU-M07,OP-1042,PRD-1003,Drive Shaft 600mm,Assemblies,SUP-03,Precision Forge,150,128,4,2,17,5.87,494.14,156743.09,2278.95,164969.23,95.04,No,Completed,B-2507-647
PO-2025-00240,2025-07-03,CHENNAI-01,Chennai,South,Line-2,Evening,CH-M09,OP-1049,PRD-1004,Industrial Pump A2,Finished Goods,SUP-04,FlowTech Parts,370,347,12,7,55,12.26,1656.38,1633755.04,4987.55,1670089.39,93.89,Yes,Completed,B-2507-443
PO-2025-00921,2025-07-03,PUNE-01,Pune,West,Line-4,Morning,PU-M06,OP-1075,PRD-1002,Aluminium Housing,Components,SUP-02,Nova Aluminium,360,288,0,0,36,10.63,695.61,195753.41,4269.93,206347.64,98.38,No,Completed,B-2507-436
PO-2025-00224,2025-07-04,NOIDA-01,Noida,North,Line-3,Night,NO-M04,OP-1073,PRD-1007,Motor Assembly M3,Assemblies,SUP-06,ElectroMotion Ltd,400,346,12,9,36,14.94,1087.59,1082060.48,5293.9,1116543.49,94.37,No,In Progress,B-2507-884
PO-2025-00266,2025-07-04,CHENNAI-01,Chennai,South,Line-2,Night,CH-M11,OP-1016,PRD-1001,Steel Gear 40mm,Components,SUP-01,Bharat Metals,80,73,2,1,16,5.97,201.39,28146.21,1699.9,31623.85,94.48,No,Completed,B-2507-188
PO-2025-00484,2025-07-04,NOIDA-01,Noida,North,Line-4,Evening,NO-M04,OP-1031,PRD-1005,Control Valve V5,Finished Goods,SUP-05,ValveWorks India,160,137,0,0,36,8.1,291.47,414043.23,2643.36,419211.76,99.1,No,Completed,B-2507-845
PO-2025-00057,2025-07-05,PUNE-01,Pune,West,Line-2,Night,PU-M01,OP-1011,PRD-1007,Motor Assembly M3,Assemblies,SUP-06,ElectroMotion Ltd,120,116,6,2,64,6.42,421.01,447326.05,2526.39,457302.4,92.66,No,Cancelled,B-2507-534
PO-2025-00928,2025-07-06,CHENNAI-01,Chennai,South,Line-4,Morning,CH-M01,OP-1014,PRD-1001,Steel Gear 40mm,Components,SUP-01,Bharat Metals,180,143,3,2,63,6.61,804.02,65140.56,2350.13,74304.49,96.94,No,Cancelled,B-2507-572
PO-2025-00825,2025-07-07,PUNE-01,Pune,West,Line-4,Morning,PU-M12,OP-1055,PRD-1008,Hydraulic Cylinder H8,Finished Goods,SUP-03,Precision Forge,260,271,8,3,52,11.61,892.59,1305494.11,3391.22,1326559.77,94.1,No,On Hold,B-2507-661
PO-2025-00282,2025-07-09,CHENNAI-01,Chennai,South,Line-1,Night,CH-M06,OP-1008,PRD-1008,Hydraulic Cylinder H8,Finished Goods,SUP-03,Precision Forge,480,488,12,5,9,17.93,1463.21,2671115.87,7216.83,2706644.51,96.18,No,Cancelled,B-2507-472
PO-2025-00818,2025-07-09,PUNE-01,Pune,West,Line-3,Night,PU-M10,OP-1010,PRD-1002,Aluminium Housing,Components,SUP-02,Nova Aluminium,420,345,0,0,33,17.44,1463.48,266779.84,5500.67,283271.26,98.3,No,Cancelled,B-2507-370
PO-2025-00076,2025-07-10,CHENNAI-01,Chennai,South,Line-4,Morning,CH-M11,OP-1041,PRD-1007,Motor Assembly M3,Assemblies,SUP-06,ElectroMotion Ltd,430,432,20,12,15,22.22,1988.79,1264328.99,6824.78,1311837.06,93.21,No,Cancelled,B-2507-166
PO-2025-00460,2025-07-10,CHENNAI-01,Chennai,South,Line-1,Evening,CH-M05,OP-1078,PRD-1004,Industrial Pump A2,Finished Goods,SUP-04,FlowTech Parts,120,105,6,2,89,5.35,534.16,389500.7,2105.19,401289.73,91.58,Yes,Completed,B-2507-639
PO-2025-00974,2025-07-10,NOIDA-01,Noida,North,Line-2,Night,NO-M09,OP-1052,PRD-1005,Control Valve V5,Finished Goods,SUP-05,ValveWorks India,100,81,3,1,39,6.69,378.32,266974.48,3023.43,275042.26,93.12,No,Cancelled,B-2507-241
PO-2025-00165,2025-07-12,PUNE-01,Pune,West,Line-1,Night,PU-M02,OP-1084,PRD-1007,Motor Assembly M3,Assemblies,SUP-06,ElectroMotion Ltd,90,91,4,2,44,6.36,410.38,365546.01,2106.16,375429.68,93.76,No,Completed,B-2507-806
PO-2025-00236,2025-07-12,PUNE-01,Pune,West,Line-4,Night,PU-M11,OP-1048,PRD-1003,Drive Shaft 600mm,Assemblies,SUP-03,Precision Forge,190,200,7,4,47,9.48,853.0,200587.53,2805.09,214287.64,94.86,No,In Progress,B-2507-603
PO-2025-00012,2025-07-14,CHENNAI-01,Chennai,South,Line-1,Night,CH-M04,OP-1052,PRD-1004,Industrial Pump A2,Finished Goods,SUP-04,FlowTech Parts,110,88,1,1,39,7.35,363.16,316384.07,3470.34,325263.17,98.07,No,On Hold,B-2507-352
PO-2025-00239,2025-07-14,CHENNAI-01,Chennai,South,Line-2,Evening,CH-M07,OP-1042,PRD-1008,Hydraulic Cylinder H8,Finished Goods,SUP-03,Precision Forge,330,256,10,4,76,10.11,1422.5,1369773.1,3013.67,1397335.58,94.21,Yes,In Progress,B-2507-125
PO-2025-00387,2025-07-14,PUNE-01,Pune,West,Line-2,Morning,PU-M07,OP-1033,PRD-1001,Steel Gear 40mm,Components,SUP-01,Bharat Metals,400,326,3,1,34,12.08,1015.13,117225.42,5520.56,132558.39,98.49,No,Cancelled,B-2507-456
PO-2025-00510,2025-07-14,NOIDA-01,Noida,North,Line-1,Night,NO-M12,OP-1028,PRD-1001,Steel Gear 40mm,Components,SUP-01,Bharat Metals,480,404,6,3,47,13.06,1066.07,180869.56,4145.52,194716.78,97.68,Yes,Completed,B-2507-602
PO-2025-00531,2025-07-15,NOIDA-01,Noida,North,Line-3,Evening,NO-M11,OP-1067,PRD-1003,Drive Shaft 600mm,Assemblies,SUP-03,Precision Forge,270,245,11,4,82,12.44,1332.01,285964.9,5218.72,304839.32,92.83,Yes,In Progress,B-2507-949
PO-2025-00572,2025-07-15,PUNE-01,Pune,West,Line-4,Night,PU-M05,OP-1030,PRD-1002,Aluminium Housing,Components,SUP-02,Nova Aluminium,400,337,12,4,50,13.44,1711.61,314176.64,4716.58,336808.0,93.51,No,Completed,B-2507-766
PO-2025-00276,2025-07-16,PUNE-01,Pune,West,Line-4,Evening,PU-M03,OP-1021,PRD-1002,Aluminium Housing,Components,SUP-02,Nova Aluminium,470,376,18,9,40,20.11,1683.06,256444.05,8834.78,284501.64,91.55,No,Completed,B-2507-155
PO-2025-00888,2025-07-16,PUNE-01,Pune,West,Line-1,Evening,PU-M08,OP-1003,PRD-1001,Steel Gear 40mm,Components,SUP-01,Bharat Metals,420,376,5,2,65,19.27,1955.29,196881.01,7319.12,221429.85,96.48,No,Completed,B-2507-980
PO-2025-00092,2025-07-17,PUNE-01,Pune,West,Line-3,Night,PU-M12,OP-1074,PRD-1007,Motor Assembly M3,Assemblies,SUP-06,ElectroMotion Ltd,350,294,7,4,66,14.97,932.78,889169.44,4896.75,911009.0,94.95,Yes,Cancelled,B-2507-468
PO-2025-00737,2025-07-17,NOIDA-01,Noida,North,Line-4,Night,NO-M07,OP-1081,PRD-1006,Bearing Set B12,Components,SUP-01,Bharat Metals,90,80,0,0,48,6.17,437.36,26245.4,2682.29,32906.96,99.06,No,Cancelled,B-2507-477
PO-2025-00857,2025-07-19,PUNE-01,Pune,West,Line-4,Night,PU-M06,OP-1045,PRD-1007,Motor Assembly M3,Assemblies,SUP-06,ElectroMotion Ltd,90,78,0,0,20,5.68,404.24,265273.0,1777.25,269991.98,99.78,No,On Hold,B-2507-894
PO-2025-00653,2025-07-21,CHENNAI-01,Chennai,South,Line-1,Night,CH-M11,OP-1035,PRD-1006,Bearing Set B12,Components,SUP-01,Bharat Metals,430,395,11,5,37,15.23,954.23,145144.24,4298.5,157506.64,94.68,No,Completed,B-2507-410
PO-2025-00779,2025-07-21,PUNE-01,Pune,West,Line-2,Night,PU-M07,OP-1021,PRD-1001,Steel Gear 40mm,Components,SUP-01,Bharat Metals,440,410,17,8,12,15.57,1555.6,190264.67,5398.94,212581.42,92.75,No,In Progress,B-2507-360
PO-2025-00968,2025-07-22,CHENNAI-01,Chennai,South,Line-3,Night,CH-M02,OP-1029,PRD-1001,Steel Gear 40mm,Components,SUP-01,Bharat Metals,490,390,15,10,96,18.13,1894.65,179065.72,5881.85,202029.9,93.64,Yes,Completed,B-2507-110
PO-2025-00988,2025-07-22,PUNE-01,Pune,West,Line-1,Night,PU-M03,OP-1024,PRD-1008,Hydraulic Cylinder H8,Finished Goods,SUP-03,Precision Forge,370,314,13,4,61,10.84,1356.82,1676260.8,4263.06,1705724.5,93.59,No,Completed,B-2507-819
PO-2025-00373,2025-07-23,PUNE-01,Pune,West,Line-4,Morning,PU-M03,OP-1027,PRD-1007,Motor Assembly M3,Assemblies,SUP-06,ElectroMotion Ltd,260,247,1,0,44,15.54,1362.62,1037209.15,4752.56,1053026.88,98.1,No,Cancelled,B-2507-780
PO-2025-00090,2025-07-24,CHENNAI-01,Chennai,South,Line-1,Evening,CH-M08,OP-1024,PRD-1006,Bearing Set B12,Components,SUP-01,Bharat Metals,260,202,0,0,47,9.46,983.69,81009.72,2980.02,92981.59,99.68,No,Completed,B-2507-997
PO-2025-00332,2025-07-26,CHENNAI-01,Chennai,South,Line-4,Morning,CH-M12,OP-1008,PRD-1007,Motor Assembly M3,Assemblies,SUP-06,ElectroMotion Ltd,110,97,3,2,12,5.89,373.5,366902.37,2826.05,376788.04,94.95,No,In Progress,B-2507-690
PO-2025-00486,2025-07-26,NOIDA-01,Noida,North,Line-1,Evening,NO-M03,OP-1083,PRD-1003,Drive Shaft 600mm,Assemblies,SUP-03,Precision Forge,350,333,0,0,28,14.12,1499.07,493477.83,6476.25,511933.2,99.27,No,Completed,B-2507-952
PO-2025-00637,2025-07-26,NOIDA-01,Noida,North,Line-2,Morning,NO-M10,OP-1039,PRD-1005,Control Valve V5,Finished Goods,SUP-05,ValveWorks India,290,301,1,0,59,15.09,1389.76,705034.53,4565.31,720790.74,99.34,No,Cancelled,B-2507-319
PO-2025-00642,2025-07-27,CHENNAI-01,Chennai,South,Line-2,Night,CH-M12,OP-1007,PRD-1001,Steel Gear 40mm,Components,SUP-01,Bharat Metals,500,429,26,10,55,16.92,1927.74,224154.94,6210.81,251153.56,90.64,No,Completed,B-2507-712
PO-2025-00740,2025-07-27,CHENNAI-01,Chennai,South,Line-4,Morning,CH-M09,OP-1041,PRD-1007,Motor Assembly M3,Assemblies,SUP-06,ElectroMotion Ltd,140,102,3,1,10,8.6,559.98,278530.84,2689.02,287889.65,95.49,No,In Progress,B-2507-659
PO-2025-00742,2025-07-29,NOIDA-01,Noida,North,Line-4,Night,NO-M09,OP-1024,PRD-1005,Control Valve V5,Finished Goods,SUP-05,ValveWorks India,140,115,4,3,14,6.41,443.96,374534.81,1891.18,385634.54,93.98,No,Completed,B-2507-367
PO-2025-00551,2025-07-31,NOIDA-01,Noida,North,Line-1,Night,NO-M01,OP-1053,PRD-1008,Hydraulic Cylinder H8,Finished Goods,SUP-03,Precision Forge,370,369,21,15,39,14.51,1571.27,2213663.71,4524.99,2278874.62,90.3,No,In Progress,B-2507-982
PO-2025-00035,2025-08-01,NOIDA-01,Noida,North,Line-3,Night,NO-M10,OP-1085,PRD-1004,Industrial Pump A2,Finished Goods,SUP-04,FlowTech Parts,240,205,6,2,28,10.37,617.32,965489.82,4361.6,980372.75,94.67,No,Completed,B-2508-535
PO-2025-00487,2025-08-01,NOIDA-01,Noida,North,Line-3,Morning,NO-M04,OP-1038,PRD-1008,Hydraulic Cylinder H8,Finished Goods,SUP-03,Precision Forge,400,397,6,2,13,17.08,830.35,2252232.01,5801.14,2270597.1,97.47,No,Completed,B-2508-499
PO-2025-00326,2025-08-02,PUNE-01,Pune,West,Line-3,Night,PU-M04,OP-1063,PRD-1007,Motor Assembly M3,Assemblies,SUP-06,ElectroMotion Ltd,330,289,16,9,8,16.63,1025.48,897022.28,6934.58,931166.51,91.05,No,In Progress,B-2508-587
PO-2025-00400,2025-08-04,NOIDA-01,Noida,North,Line-4,Evening,NO-M07,OP-1051,PRD-1004,Industrial Pump A2,Finished Goods,SUP-04,FlowTech Parts,110,114,1,1,0,5.4,576.85,410268.2,1535.29,419184.65,98.01,No,Cancelled,B-2508-389
PO-2025-00507,2025-08-04,CHENNAI-01,Chennai,South,Line-3,Morning,CH-M02,OP-1027,PRD-1005,Control Valve V5,Finished Goods,SUP-05,ValveWorks India,440,366,7,3,56,14.87,949.44,883115.96,5966.35,901337.44,96.91,No,On Hold,B-2508-872
PO-2025-00882,2025-08-04,PUNE-01,Pune,West,Line-3,Evening,PU-M02,OP-1075,PRD-1002,Aluminium Housing,Components,SUP-02,Nova Aluminium,190,192,2,1,22,10.75,533.33,168808.43,5054.14,178364.7,98.31,No,Completed,B-2508-193
PO-2025-00686,2025-08-05,PUNE-01,Pune,West,Line-3,Night,PU-M08,OP-1006,PRD-1006,Bearing Set B12,Components,SUP-01,Bharat Metals,500,472,8,3,87,20.87,2030.21,135648.29,9056.38,163228.88,97.56,Yes,Completed,B-2508-440
PO-2025-00246,2025-08-06,PUNE-01,Pune,West,Line-2,Evening,PU-M06,OP-1062,PRD-1004,Industrial Pump A2,Finished Goods,SUP-04,FlowTech Parts,260,236,7,3,3,11.44,533.46,962688.38,4504.89,980350.98,94.35,No,Completed,B-2508-761
PO-2025-00908,2025-08-06,PUNE-01,Pune,West,Line-2,Evening,PU-M09,OP-1038,PRD-1006,Bearing Set B12,Components,SUP-01,Bharat Metals,320,277,6,3,89,10.62,1232.04,113504.35,3732.79,127541.92,95.96,Yes,In Progress,B-2508-559
PO-2025-00501,2025-08-09,CHENNAI-01,Chennai,South,Line-1,Night,CH-M08,OP-1085,PRD-1001,Steel Gear 40mm,Components,SUP-01,Bharat Metals,500,407,13,4,33,12.76,1570.27,187742.3,4639.74,207368.36,94.0,No,In Progress,B-2508-424
PO-2025-00513,2025-08-09,CHENNAI-01,Chennai,South,Line-2,Night,CH-M04,OP-1081,PRD-1001,Steel Gear 40mm,Components,SUP-01,Bharat Metals,430,355,6,3,41,17.4,1046.12,147983.25,7720.47,164806.81,96.9,No,On Hold,B-2508-725
PO-2025-00973,2025-08-10,PUNE-01,Pune,West,Line-3,Evening,PU-M07,OP-1068,PRD-1008,Hydraulic Cylinder H8,Finished Goods,SUP-03,Precision Forge,280,265,10,5,30,11.22,1022.29,1300630.17,3547.92,1327575.6,93.7,No,Completed,B-2508-561
PO-2025-00376,2025-08-11,CHENNAI-01,Chennai,South,Line-4,Evening,CH-M06,OP-1052,PRD-1007,Motor Assembly M3,Assemblies,SUP-06,ElectroMotion Ltd,430,401,15,9,58,17.62,1396.93,1178251.81,5090.89,1213012.71,93.61,No,In Progress,B-2508-138
PO-2025-00461,2025-08-11,PUNE-01,Pune,West,Line-1,Morning,PU-M08,OP-1022,PRD-1005,Control Valve V5,Finished Goods,SUP-05,ValveWorks India,460,374,11,6,89,14.13,1918.42,801449.12,5352.26,831206.49,95.39,Yes,On Hold,B-2508-434
PO-2025-00895,2025-08-11,CHENNAI-01,Chennai,South,Line-4,Night,CH-M10,OP-1015,PRD-1003,Drive Shaft 600mm,Assemblies,SUP-03,Precision Forge,150,124,2,1,1,7.64,255.3,168735.43,2951.94,174795.02,97.54,No,On Hold,B-2508-557
PO-2025-00094,2025-08-12,PUNE-01,Pune,West,Line-1,Night,PU-M04,OP-1075,PRD-1002,Aluminium Housing,Components,SUP-02,Nova Aluminium,410,317,11,3,36,12.01,1283.14,261496.0,3722.75,276906.1,94.21,No,On Hold,B-2508-556
PO-2025-00381,2025-08-12,CHENNAI-01,Chennai,South,Line-2,Evening,CH-M03,OP-1082,PRD-1005,Control Valve V5,Finished Goods,SUP-05,ValveWorks India,460,419,7,5,0,16.02,912.99,1211301.66,5730.56,1234125.29,96.27,No,Cancelled,B-2508-425
PO-2025-00399,2025-08-13,CHENNAI-01,Chennai,South,Line-4,Evening,CH-M12,OP-1049,PRD-1008,Hydraulic Cylinder H8,Finished Goods,SUP-03,Precision Forge,170,148,1,1,24,6.86,859.26,914720.48,2890.15,927886.43,97.56,Yes,Completed,B-2508-256
PO-2025-00826,2025-08-13,NOIDA-01,Noida,North,Line-2,Night,NO-M01,OP-1043,PRD-1005,Control Valve V5,Finished Goods,SUP-05,ValveWorks India,270,267,4,2,10,9.1,731.47,829238.03,3695.73,843032.89,97.17,No,In Progress,B-2508-935
PO-2025-00955,2025-08-13,NOIDA-01,Noida,North,Line-4,Morning,NO-M08,OP-1053,PRD-1005,Control Valve V5,Finished Goods,SUP-05,ValveWorks India,320,279,4,1,41,13.2,1213.97,842842.58,4994.4,858707.74,97.57,No,Completed,B-2508-425
PO-2025-00738,2025-08-14,NOIDA-01,Noida,North,Line-2,Evening,NO-M01,OP-1072,PRD-1005,Control Valve V5,Finished Goods,SUP-05,ValveWorks India,250,247,7,3,30,11.94,1164.43,557931.79,4306.09,578030.1,94.82,No,Cancelled,B-2508-993
PO-2025-00397,2025-08-18,NOIDA-01,Noida,North,Line-2,Night,NO-M02,OP-1074,PRD-1002,Aluminium Housing,Components,SUP-02,Nova Aluminium,490,514,12,7,1,19.15,1823.93,363232.71,6476.44,386840.88,96.12,No,Completed,B-2508-489
PO-2025-00404,2025-08-19,PUNE-01,Pune,West,Line-2,Evening,PU-M12,OP-1003,PRD-1008,Hydraulic Cylinder H8,Finished Goods,SUP-03,Precision Forge,250,215,4,2,70,12.37,1017.89,885436.52,4268.22,905001.93,95.84,No,On Hold,B-2508-902
PO-2025-00608,2025-08-19,PUNE-01,Pune,West,Line-4,Night,PU-M09,OP-1003,PRD-1004,Industrial Pump A2,Finished Goods,SUP-04,FlowTech Parts,290,241,2,1,57,14.17,973.77,859584.6,6700.08,876147.32,97.61,No,Completed,B-2508-841
PO-2025-00912,2025-08-19,CHENNAI-01,Chennai,South,Line-2,Morning,CH-M02,OP-1061,PRD-1001,Steel Gear 40mm,Components,SUP-01,Bharat Metals,390,378,0,0,79,13.26,986.82,202671.19,3862.26,215247.32,99.29,Yes,Completed,B-2508-897
PO-2025-00106,2025-08-20,CHENNAI-01,Chennai,South,Line-3,Night,CH-M02,OP-1068,PRD-1002,Aluminium Housing,Components,SUP-02,Nova Aluminium,490,503,12,3,0,21.4,1863.12,439608.23,6345.9,464355.99,95.5,No,Completed,B-2508-316
PO-2025-00151,2025-08-20,CHENNAI-01,Chennai,South,Line-4,Night,CH-M04,OP-1061,PRD-1001,Steel Gear 40mm,Components,SUP-01,Bharat Metals,170,131,5,3,38,6.27,552.66,67973.8,2280.56,75745.62,93.1,No,In Progress,B-2508-974
PO-2025-00416,2025-08-20,CHENNAI-01,Chennai,South,Line-2,Morning,CH-M04,OP-1037,PRD-1007,Motor Assembly M3,Assemblies,SUP-06,ElectroMotion Ltd,310,267,12,4,39,9.13,976.44,764922.13,3202.33,784767.05,93.06,Yes,In Progress,B-2508-531
PO-2025-00109,2025-08-22,CHENNAI-01,Chennai,South,Line-1,Morning,CH-M05,OP-1057,PRD-1007,Motor Assembly M3,Assemblies,SUP-06,ElectroMotion Ltd,350,342,1,0,53,16.14,1004.87,1322729.85,5017.21,1335843.47,98.94,No,Completed,B-2508-204
PO-2025-00278,2025-08-22,PUNE-01,Pune,West,Line-2,Night,PU-M06,OP-1035,PRD-1004,Industrial Pump A2,Finished Goods,SUP-04,FlowTech Parts,340,324,4,1,17,14.27,1742.15,1671112.64,5294.14,1693164.79,98.03,No,Completed,B-2508-132
PO-2025-00499,2025-08-22,PUNE-01,Pune,West,Line-4,Morning,PU-M11,OP-1055,PRD-1005,Control Valve V5,Finished Goods,SUP-05,ValveWorks India,240,209,11,3,95,10.54,825.45,455343.79,3381.32,470901.63,91.14,Yes,Completed,B-2508-246
PO-2025-00623,2025-08-22,PUNE-01,Pune,West,Line-1,Morning,PU-M08,OP-1045,PRD-1007,Motor Assembly M3,Assemblies,SUP-06,ElectroMotion Ltd,480,396,1,0,50,19.24,1104.39,1599672.25,8017.43,1616325.11,99.36,No,Completed,B-2508-734
PO-2025-00775,2025-08-22,PUNE-01,Pune,West,Line-1,Night,PU-M06,OP-1052,PRD-1003,Drive Shaft 600mm,Assemblies,SUP-03,Precision Forge,260,227,8,6,0,14.36,982.22,321303.48,6509.26,339889.7,94.96,No,On Hold,B-2508-886
PO-2025-00788,2025-08-23,NOIDA-01,Noida,North,Line-2,Evening,NO-M12,OP-1049,PRD-1002,Aluminium Housing,Components,SUP-02,Nova Aluminium,240,223,5,3,16,13.29,850.86,156665.98,5016.99,170593.68,95.41,No,In Progress,B-2508-694
PO-2025-00864,2025-08-23,NOIDA-01,Noida,North,Line-4,Night,NO-M05,OP-1010,PRD-1008,Hydraulic Cylinder H8,Finished Goods,SUP-03,Precision Forge,500,434,13,8,40,13.97,1355.63,2479486.1,6528.97,2523223.05,95.14,No,Cancelled,B-2508-450
PO-2025-00989,2025-08-23,PUNE-01,Pune,West,Line-4,Morning,PU-M08,OP-1030,PRD-1008,Hydraulic Cylinder H8,Finished Goods,SUP-03,Precision Forge,310,300,17,7,41,15.31,1181.21,1325380.53,4601.84,1363135.71,90.8,Yes,On Hold,B-2508-707
PO-2025-00193,2025-08-24,PUNE-01,Pune,West,Line-2,Morning,PU-M03,OP-1074,PRD-1005,Control Valve V5,Finished Goods,SUP-05,ValveWorks India,210,193,0,0,48,9.33,463.94,520231.55,3714.82,527947.37,99.26,No,Completed,B-2508-744
PO-2025-00199,2025-08-24,CHENNAI-01,Chennai,South,Line-1,Evening,CH-M04,OP-1048,PRD-1003,Drive Shaft 600mm,Assemblies,SUP-03,Precision Forge,140,135,2,1,44,5.68,772.81,140758.44,1755.49,150474.8,97.14,No,Completed,B-2508-841
PO-2025-00806,2025-08-24,CHENNAI-01,Chennai,South,Line-4,Evening,CH-M08,OP-1065,PRD-1003,Drive Shaft 600mm,Assemblies,SUP-03,Precision Forge,250,214,3,2,26,7.04,1138.18,314231.13,3013.55,328373.39,96.75,No,Completed,B-2508-962
PO-2025-00420,2025-08-25,PUNE-01,Pune,West,Line-1,Night,PU-M12,OP-1042,PRD-1006,Bearing Set B12,Components,SUP-01,Bharat Metals,350,261,11,6,123,12.64,813.21,84174.21,4347.76,95743.16,94.03,Yes,Completed,B-2508-392
PO-2025-00831,2025-08-25,NOIDA-01,Noida,North,Line-4,Morning,NO-M09,OP-1079,PRD-1002,Aluminium Housing,Components,SUP-02,Nova Aluminium,110,97,5,4,67,3.94,479.01,59182.86,1377.59,67027.48,91.2,No,Completed,B-2508-165
PO-2025-00524,2025-08-26,PUNE-01,Pune,West,Line-1,Morning,PU-M09,OP-1051,PRD-1002,Aluminium Housing,Components,SUP-02,,470,422,21,14,76,20.94,886.23,326949.89,8647.56,349721.03,92.13,Yes,In Progress,B-2508-892
PO-2025-00829,2025-08-28,CHENNAI-01,Chennai,South,Line-1,Morning,CH-M06,OP-1015,PRD-1005,Control Valve V5,Finished Goods,SUP-05,ValveWorks India,130,85,4,1,0,5.71,459.03,281950.68,1610.88,289467.49,92.04,No,Cancelled,B-2508-287
PO-2025-00481,2025-08-29,NOIDA-01,Noida,North,Line-1,Night,NO-M08,OP-1048,PRD-1005,Control Valve V5,Finished Goods,SUP-05,ValveWorks India,470,357,4,2,13,19.91,1585.39,1082967.53,7751.68,1107259.79,97.91,No,In Progress,B-2508-495
PO-2025-00093,2025-08-30,PUNE-01,Pune,West,Line-3,Evening,PU-M12,OP-1071,PRD-1002,Aluminium Housing,Components,SUP-02,Nova Aluminium,370,359,0,0,27,16.17,1971.94,301816.25,5236.26,321829.94,99.72,No,On Hold,B-2508-921
PO-2025-00668,2025-08-30,PUNE-01,Pune,West,Line-2,Morning,PU-M06,OP-1022,PRD-1004,Industrial Pump A2,Finished Goods,SUP-04,FlowTech Parts,460,404,7,2,45,13.3,949.29,1946885.96,5647.73,1965147.52,95.9,No,On Hold,B-2508-932
PO-2025-00242,2025-09-01,PUNE-01,Pune,West,Line-1,Morning,PU-M01,OP-1074,PRD-1008,Hydraulic Cylinder H8,Finished Goods,SUP-03,Precision Forge,370,325,9,5,7,16.84,1394.44,1876727.91,4879.96,1908027.65,94.95,No,Completed,B-2509-439
PO-2025-00024,2025-09-02,CHENNAI-01,Chennai,South,Line-4,Evening,CH-M01,OP-1027,PRD-1008,Hydraulic Cylinder H8,Finished Goods,SUP-03,Precision Forge,120,108,1,0,0,4.25,259.56,451822.02,1371.86,455299.61,98.11,No,In Progress,B-2509-888
PO-2025-00311,2025-09-02,PUNE-01,Pune,West,Line-1,Night,PU-M08,OP-1003,PRD-1003,Drive Shaft 600mm,Assemblies,SUP-03,Precision Forge,200,177,6,4,90,10.41,494.34,177850.61,4558.89,189560.84,94.26,Yes,Completed,B-2509-980
PO-2025-00587,2025-09-02,CHENNAI-01,Chennai,South,Line-2,Morning,CH-M11,OP-1043,PRD-1007,Motor Assembly M3,Assemblies,SUP-06,ElectroMotion Ltd,330,286,4,2,36,9.22,995.5,1087929.92,3377.83,1104804.14,97.65,No,In Progress,B-2509-921
PO-2025-00635,2025-09-03,PUNE-01,Pune,West,Line-3,Evening,PU-M01,OP-1054,PRD-1001,Steel Gear 40mm,Components,SUP-01,Bharat Metals,110,89,2,1,9,6.27,212.74,38004.81,2551.05,42559.84,95.94,No,Completed,B-2509-304
PO-2025-00031,2025-09-05,NOIDA-01,Noida,North,Line-3,Evening,NO-M12,OP-1059,PRD-1007,Motor Assembly M3,Assemblies,SUP-06,ElectroMotion Ltd,390,343,0,0,17,20.58,1178.12,1260286.12,7281.29,1277484.4,99.38,No,Completed,B-2509-336
PO-2025-00435,2025-09-06,PUNE-01,Pune,West,Line-2,Evening,PU-M03,OP-1011,PRD-1004,Industrial Pump A2,Finished Goods,SUP-04,FlowTech Parts,110,93,2,1,37,5.19,197.27,414361.42,1948.15,420717.67,96.7,No,Completed,B-2509-682
PO-2025-00537,2025-09-06,PUNE-01,Pune,West,Line-2,Morning,PU-M06,OP-1047,PRD-1007,Motor Assembly M3,Assemblies,SUP-06,ElectroMotion Ltd,160,168,2,1,8,8.95,707.71,531409.18,3705.08,543890.38,98.28,No,Completed,B-2509-725
PO-2025-00873,2025-09-08,NOIDA-01,Noida,North,Line-4,Morning,NO-M10,,PRD-1004,Industrial Pump A2,Finished Goods,SUP-04,FlowTech Parts,240,235,7,5,32,12.67,1077.48,1037391.63,3917.83,1062830.49,95.24,No,Completed,B-2509-689
PO-2025-00612,2025-09-09,PUNE-01,Pune,West,Line-1,Night,PU-M11,OP-1058,PRD-1004,Industrial Pump A2,Finished Goods,SUP-04,FlowTech Parts,440,425,25,14,0,17.69,1696.95,1744134.55,7231.67,1802601.37,91.51,No,On Hold,B-2509-522
PO-2025-00902,2025-09-10,NOIDA-01,Noida,North,Line-2,Night,NO-M06,OP-1074,PRD-1005,Control Valve V5,Finished Goods,SUP-05,ValveWorks India,300,261,4,2,23,10.37,637.1,666447.57,4880.83,679940.12,97.16,No,Completed,B-2509-431
PO-2025-00389,2025-09-11,NOIDA-01,Noida,North,Line-4,Night,NO-M05,OP-1053,PRD-1003,Drive Shaft 600mm,Assemblies,SUP-03,Precision Forge,80,73,2,1,47,3.19,431.21,79447.23,1165.54,85196.3,95.26,No,Cancelled,B-2509-990
PO-2025-00845,2025-09-11,NOIDA-01,Noida,North,Line-4,Evening,NO-M01,OP-1050,PRD-1005,Control Valve V5,Finished Goods,SUP-05,ValveWorks India,120,102,3,2,16,5.03,193.05,265337.23,2298.51,272902.18,95.13,No,In Progress,B-2509-256
PO-2025-00853,2025-09-11,PUNE-01,Pune,West,Line-1,Evening,PU-M09,OP-1046,PRD-1007,Motor Assembly M3,Assemblies,SUP-06,ElectroMotion Ltd,150,144,2,1,29,6.57,712.64,598062.74,2734.0,608126.08,97.09,No,Completed,B-2509-223
PO-2025-00550,2025-09-13,PUNE-01,Pune,West,Line-4,Night,PU-M04,OP-1042,PRD-1008,Hydraulic Cylinder H8,Finished Goods,SUP-03,Precision Forge,130,117,3,2,42,5.63,463.17,699969.72,2091.85,712503.17,95.98,No,Completed,B-2509-131
PO-2025-00303,2025-09-14,CHENNAI-01,Chennai,South,Line-4,Evening,CH-M04,OP-1038,PRD-1008,Hydraulic Cylinder H8,Finished Goods,SUP-03,Precision Forge,220,190,6,2,26,9.94,648.6,794841.23,4019.67,810038.28,95.44,No,In Progress,B-2509-616
PO-2025-00747,2025-09-14,NOIDA-01,Noida,North,Line-4,Morning,NO-M06,OP-1023,PRD-1005,Control Valve V5,Finished Goods,SUP-05,ValveWorks India,490,483,12,6,80,18.73,1454.94,1343370.85,6959.64,1373794.59,94.88,Yes,Completed,B-2509-657
PO-2025-00006,2025-09-15,NOIDA-01,Noida,North,Line-2,Night,NO-M02,OP-1081,PRD-1001,Steel Gear 40mm,Components,SUP-01,Bharat Metals,150,130,1,0,6,5.55,462.91,71207.96,2526.2,77335.35,98.02,No,Cancelled,B-2509-619
PO-2025-00933,2025-09-15,PUNE-01,Pune,West,Line-1,Evening,PU-M02,OP-1084,PRD-1004,Industrial Pump A2,Finished Goods,SUP-04,FlowTech Parts,80,67,4,1,4,5.56,381.63,236845.58,1704.96,244250.35,91.34,No,Completed,B-2509-187
PO-2025-00187,2025-09-16,PUNE-01,Pune,West,Line-3,Morning,PU-M11,OP-1084,PRD-1002,Aluminium Housing,Components,SUP-02,Nova Aluminium,190,154,8,6,19,8.25,333.71,108340.42,2635.74,116850.12,91.01,No,Completed,B-2509-734
PO-2025-00618,2025-09-16,PUNE-01,Pune,West,Line-4,Night,PU-M02,OP-1043,PRD-1005,Control Valve V5,Finished Goods,SUP-05,ValveWorks India,410,353,13,5,114,19.49,1665.32,1186450.69,6772.84,1214875.93,93.05,Yes,On Hold,B-2509-132
PO-2025-00198,2025-09-17,CHENNAI-01,Chennai,South,Line-3,Night,CH-M07,OP-1018,PRD-1007,Motor Assembly M3,Assemblies,SUP-06,ElectroMotion Ltd,440,377,13,8,19,13.63,1869.85,1206695.31,5329.09,1243891.28,94.62,No,Cancelled,B-2509-221
PO-2025-00660,2025-09-18,NOIDA-01,Noida,North,Line-4,Morning,NO-M05,OP-1007,PRD-1002,Aluminium Housing,Components,SUP-02,Nova Aluminium,240,221,12,6,80,9.75,1143.83,175835.55,4552.76,193054.54,90.92,Yes,In Progress,B-2509-743
PO-2025-00782,2025-09-19,NOIDA-01,Noida,North,Line-1,Evening,NO-M07,OP-1078,PRD-1001,Steel Gear 40mm,Components,SUP-01,Bharat Metals,450,377,22,15,49,12.49,1631.51,181189.8,5115.97,203070.71,90.77,No,Completed,B-2509-204
PO-2025-00406,2025-09-20,PUNE-01,Pune,West,Line-4,Morning,PU-M10,OP-1063,PRD-1002,Aluminium Housing,Components,SUP-02,Nova Aluminium,150,125,3,2,0,8.56,225.04,120715.36,3286.09,127024.29,95.45,No,On Hold,B-2509-460
PO-2025-00870,2025-09-21,CHENNAI-01,Chennai,South,Line-1,Night,CH-M10,OP-1084,PRD-1001,Steel Gear 40mm,Components,SUP-01,Bharat Metals,90,74,3,2,43,3.81,385.73,34400.22,1536.54,40105.13,93.53,No,On Hold,B-2509-812
PO-2025-00966,2025-09-21,NOIDA-01,Noida,North,Line-3,Evening,NO-M05,OP-1051,PRD-1005,Control Valve V5,Finished Goods,SUP-05,ValveWorks India,200,181,3,2,30,6.34,935.58,385162.97,3034.72,399638.9,96.31,No,Completed,B-2509-498
PO-2025-00567,2025-09-23,CHENNAI-01,Chennai,South,Line-4,Evening,CH-M10,OP-1043,PRD-1001,Steel Gear 40mm,Components,SUP-01,Bharat Metals,160,149,1,0,60,8.95,586.09,65204.26,2563.43,72637.67,97.62,No,Cancelled,B-2509-177
PO-2025-00566,2025-09-24,NOIDA-01,Noida,North,Line-2,Evening,NO-M06,OP-1043,PRD-1005,Control Valve V5,Finished Goods,SUP-05,ValveWorks India,90,85,5,3,87,5.87,514.7,261244.84,2520.9,272912.32,91.19,Yes,Completed,B-2509-793
PO-2025-00304,2025-09-25,NOIDA-01,Noida,North,Line-3,Night,NO-M03,OP-1063,PRD-1006,Bearing Set B12,Components,SUP-01,Bharat Metals,420,293,4,1,43,14.76,993.73,92554.88,5489.71,105484.78,97.09,No,Completed,B-2509-832
PO-2025-00335,2025-09-25,CHENNAI-01,Chennai,South,Line-3,Morning,CH-M12,OP-1066,PRD-1003,Drive Shaft 600mm,Assemblies,SUP-03,Precision Forge,190,137,4,2,67,5.88,393.17,163706.52,2064.16,170286.88,94.33,No,Completed,B-2509-823
PO-2025-00861,2025-09-26,NOIDA-01,Noida,North,Line-3,Evening,NO-M03,OP-1045,PRD-1005,Control Valve V5,Finished Goods,SUP-05,ValveWorks India,330,301,8,3,11,9.7,1376.79,994681.46,4500.11,1015831.74,95.14,No,Cancelled,B-2509-978
PO-2025-00192,2025-09-27,NOIDA-01,Noida,North,Line-4,Night,NO-M01,OP-1065,PRD-1003,Drive Shaft 600mm,Assemblies,SUP-03,Precision Forge,320,266,3,2,61,10.21,924.62,346465.84,3579.42,360112.61,97.54,No,In Progress,B-2509-269
PO-2025-00509,2025-09-27,PUNE-01,Pune,West,Line-3,Morning,PU-M07,OP-1013,PRD-1003,Drive Shaft 600mm,Assemblies,SUP-03,Precision Forge,250,213,4,3,36,8.53,828.58,292302.29,3263.31,305415.33,96.1,No,On Hold,B-2509-425
PO-2025-00322,2025-09-28,NOIDA-01,Noida,North,Line-1,Evening,NO-M05,OP-1021,PRD-1006,Bearing Set B12,Components,SUP-01,Bharat Metals,350,330,5,4,39,11.37,1743.19,126323.25,3304.63,143602.81,97.47,No,In Progress,B-2509-218
PO-2025-00426,2025-09-28,NOIDA-01,Noida,North,Line-1,Night,NO-M12,OP-1049,PRD-1003,Drive Shaft 600mm,Assemblies,SUP-03,Precision Forge,340,313,10,7,79,11.29,1058.89,362419.72,3739.22,379576.88,94.34,Yes,Cancelled,B-2509-363
PO-2025-00452,2025-09-28,CHENNAI-01,Chennai,South,Line-4,Morning,CH-M09,OP-1051,PRD-1007,Motor Assembly M3,Assemblies,SUP-06,ElectroMotion Ltd,230,241,6,2,68,16.38,1279.08,915531.92,5626.43,935187.26,95.48,No,Cancelled,B-2509-502
PO-2025-00675,2025-10-01,PUNE-01,Pune,West,Line-2,Morning,PU-M02,OP-1021,PRD-1003,Drive Shaft 600mm,Assemblies,SUP-03,Precision Forge,200,184,4,2,62,6.55,778.14,274461.47,2032.66,284678.25,96.5,No,Completed,B-2510-844
PO-2025-00327,2025-10-02,NOIDA-01,Noida,North,Line-1,Evening,NO-M08,OP-1056,PRD-1007,Motor Assembly M3,Assemblies,SUP-06,ElectroMotion Ltd,130,96,1,0,40,7.13,364.18,356180.48,2217.53,361416.96,97.41,No,In Progress,B-2510-407
PO-2025-00425,2025-10-02,NOIDA-01,Noida,North,Line-3,Night,NO-M10,OP-1048,PRD-1002,Aluminium Housing,Components,SUP-02,Nova Aluminium,180,177,3,2,44,8.91,947.12,173189.0,4258.15,185718.93,97.42,No,Cancelled,B-2510-662
PO-2025-00204,2025-10-03,PUNE-01,Pune,West,Line-4,Night,PU-M01,OP-1070,PRD-1004,Industrial Pump A2,Finished Goods,SUP-04,FlowTech Parts,390,349,4,1,18,16.66,1806.41,1395310.21,7260.22,1418782.99,98.25,No,In Progress,B-2510-480
PO-2025-00502,2025-10-03,PUNE-01,Pune,West,Line-1,Evening,PU-M11,OP-1062,PRD-1005,Control Valve V5,Finished Goods,SUP-05,ValveWorks India,230,189,10,7,37,10.3,1098.12,501175.96,4856.67,527056.92,92.45,No,In Progress,B-2510-905
PO-2025-00594,2025-10-03,NOIDA-01,Noida,North,Line-3,Morning,NO-M12,OP-1036,PRD-1001,Steel Gear 40mm,Components,SUP-01,Bharat Metals,370,311,3,1,0,9.91,1256.39,110923.98,3463.75,126118.77,98.38,No,Cancelled,B-2510-128
PO-2025-00409,2025-10-04,PUNE-01,Pune,West,Line-1,Morning,PU-M09,OP-1040,PRD-1002,Aluminium Housing,Components,SUP-02,Nova Aluminium,430,405,24,15,15,22.75,1176.19,396197.7,7381.13,422122.75,90.29,No,In Progress,B-2510-197
PO-2025-00446,2025-10-04,CHENNAI-01,Chennai,South,Line-4,Evening,CH-M05,OP-1022,PRD-1003,Drive Shaft 600mm,Assemblies,SUP-03,Precision Forge,130,122,4,1,17,5.79,430.01,186985.48,1834.36,192789.25,93.8,No,In Progress,B-2510-593
PO-2025-00232,2025-10-05,PUNE-01,Pune,West,Line-1,Evening,PU-M08,OP-1077,PRD-1008,Hydraulic Cylinder H8,Finished Goods,SUP-03,Precision Forge,490,439,17,10,74,17.78,1442.34,1981665.55,8119.78,2033246.67,92.81,No,Completed,B-2510-303
PO-2025-00476,2025-10-05,PUNE-01,Pune,West,Line-3,Night,PU-M05,OP-1023,PRD-1004,Industrial Pump A2,Finished Goods,SUP-04,FlowTech Parts,350,295,6,2,69,12.81,1528.99,1219222.71,6064.02,1242085.57,96.68,No,Cancelled,B-2510-996
PO-2025-00932,2025-10-05,NOIDA-01,Noida,North,Line-2,Morning,NO-M07,OP-1037,PRD-1001,Steel Gear 40mm,Components,SUP-01,Bharat Metals,200,176,6,3,20,7.38,674.75,77244.21,3169.58,87560.73,94.83,No,In Progress,B-2510-114
PO-2025-00459,2025-10-06,CHENNAI-01,Chennai,South,Line-3,Evening,CH-M01,OP-1015,PRD-1002,Aluminium Housing,Components,SUP-02,Nova Aluminium,460,429,1,1,23,19.56,2424.39,327540.52,7839.19,358021.78,97.96,No,Completed,B-2510-539
PO-2025-00356,2025-10-08,PUNE-01,Pune,West,Line-1,Night,PU-M09,OP-1060,PRD-1001,Steel Gear 40mm,Components,SUP-01,Bharat Metals,420,332,2,1,53,20.69,1522.75,174779.05,7129.77,195988.21,98.42,No,On Hold,B-2510-877
PO-2025-00910,2025-10-08,NOIDA-01,Noida,North,Line-4,Evening,NO-M03,OP-1041,PRD-1006,Bearing Set B12,Components,SUP-01,Bharat Metals,350,241,6,4,90,11.36,496.68,91485.92,3446.24,100356.79,95.41,Yes,In Progress,B-2510-886
PO-2025-00498,2025-10-11,NOIDA-01,Noida,North,Line-2,Night,NO-M09,OP-1057,PRD-1006,Bearing Set B12,Components,SUP-01,Bharat Metals,120,102,3,2,0,6.88,276.39,40226.61,2829.03,45614.13,94.7,No,Completed,B-2510-666
PO-2025-00050,2025-10-14,PUNE-01,Pune,West,Line-4,Morning,PU-M11,OP-1028,PRD-1006,Bearing Set B12,Components,SUP-01,Bharat Metals,210,148,6,4,40,10.46,620.19,46336.68,3761.71,55676.74,94.1,No,On Hold,B-2510-121
PO-2025-00155,2025-10-15,CHENNAI-01,Chennai,South,Line-1,Night,CH-M03,OP-1009,PRD-1002,Aluminium Housing,Components,SUP-02,Nova Aluminium,220,225,2,1,91,11.48,603.88,206918.21,4915.61,217698.27,97.19,Yes,Completed,B-2510-826
PO-2025-00695,2025-10-15,CHENNAI-01,Chennai,South,Line-1,Morning,CH-M05,OP-1043,PRD-1007,Motor Assembly M3,Assemblies,SUP-06,ElectroMotion Ltd,120,103,0,0,66,7.42,278.41,291029.45,2856.63,296257.86,99.82,No,Completed,B-2510-287
PO-2025-00428,2025-10-16,PUNE-01,Pune,West,Line-1,Night,PU-M02,OP-1049,PRD-1005,Control Valve V5,Finished Goods,SUP-05,ValveWorks India,180,183,1,1,11,9.84,646.72,532396.01,3547.33,543362.76,98.99,No,Completed,B-2510-946
PO-2025-00772,2025-10-16,PUNE-01,Pune,West,Line-2,Morning,PU-M10,OP-1025,PRD-1002,Aluminium Housing,Components,SUP-02,Nova Aluminium,130,114,6,4,0,5.16,358.94,98003.08,2458.21,105194.21,92.12,No,Completed,B-2510-458
PO-2025-00849,2025-10-16,CHENNAI-01,Chennai,South,Line-1,Evening,CH-M12,OP-1035,PRD-1003,Drive Shaft 600mm,Assemblies,SUP-03,Precision Forge,310,258,7,5,23,8.08,1181.66,366002.4,2853.6,383214.22,95.3,No,In Progress,B-2510-897
PO-2025-00401,2025-10-17,NOIDA-01,Noida,North,Line-2,Night,NO-M04,OP-1084,PRD-1004,Industrial Pump A2,Finished Goods,SUP-04,FlowTech Parts,430,397,10,7,25,14.47,1448.62,1411324.53,6065.7,1447857.96,96.21,Yes,Cancelled,B-2510-976
PO-2025-00704,2025-10-17,CHENNAI-01,Chennai,South,Line-4,Night,CH-M06,OP-1001,PRD-1004,Industrial Pump A2,Finished Goods,SUP-04,FlowTech Parts,500,507,13,7,72,17.66,2241.84,1664397.88,8330.65,1709594.42,95.17,No,Completed,B-2510-211
PO-2025-00125,2025-10-18,CHENNAI-01,Chennai,South,Line-2,Night,CH-M05,OP-1021,PRD-1003,Drive Shaft 600mm,Assemblies,SUP-03,Precision Forge,440,334,16,4,69,14.45,675.23,361898.33,5365.34,376888.71,92.52,No,Completed,B-2510-195
PO-2025-00496,2025-10-22,NOIDA-01,Noida,North,Line-1,Morning,NO-M09,OP-1038,PRD-1008,Hydraulic Cylinder H8,Finished Goods,SUP-03,Precision Forge,350,280,4,2,30,15.32,1361.75,1157523.03,4336.12,1180429.2,96.29,No,In Progress,B-2510-139
PO-2025-00834,2025-10-23,CHENNAI-01,Chennai,South,Line-4,Evening,CH-M05,OP-1017,PRD-1006,Bearing Set B12,Components,SUP-01,Bharat Metals,220,216,6,3,14,10.05,680.39,60843.72,3513.36,69912.93,95.22,No,Completed,B-2510-392
PO-2025-00722,2025-10-24,NOIDA-01,Noida,North,Line-2,Morning,NO-M02,OP-1013,PRD-1001,Steel Gear 40mm,Components,SUP-01,Bharat Metals,260,236,15,5,25,9.15,1215.79,97131.4,3859.25,112235.11,90.7,No,In Progress,B-2510-638
PO-2025-00135,2025-10-26,NOIDA-01,Noida,North,Line-1,Evening,NO-M01,OP-1085,PRD-1005,Control Valve V5,Finished Goods,SUP-05,ValveWorks India,470,454,39,25,39,16.55,2274.01,1488664.01,4713.14,1555771.78,86.83,No,Cancelled,B-2510-844
PO-2025-00210,2025-10-26,NOIDA-01,Noida,North,Line-3,Night,NO-M12,OP-1011,PRD-1005,Control Valve V5,Finished Goods,SUP-05,ValveWorks India,460,399,5,2,5,13.41,1658.82,1042109.76,4247.98,1061850.55,96.94,No,In Progress,B-2510-205
PO-2025-00972,2025-10-27,CHENNAI-01,Chennai,South,Line-4,Night,CH-M11,OP-1030,PRD-1006,Bearing Set B12,Components,SUP-01,Bharat Metals,250,201,7,2,50,10.31,399.87,77856.94,3843.25,85324.41,93.67,No,Cancelled,B-2510-162
PO-2025-00161,2025-10-28,PUNE-01,Pune,West,Line-3,Evening,PU-M02,OP-1061,PRD-1008,Hydraulic Cylinder H8,Finished Goods,SUP-03,Precision Forge,160,122,0,0,35,6.35,339.75,717824.66,2312.0,723245.73,99.33,Yes,Cancelled,B-2510-697
PO-2025-00182,2025-10-28,PUNE-01,Pune,West,Line-1,Evening,PU-M05,OP-1070,PRD-1008,Hydraulic Cylinder H8,Finished Goods,SUP-03,Precision Forge,430,425,0,0,40,15.88,2325.37,2248928.98,7491.86,2276655.31,99.42,No,Completed,B-2510-629
PO-2025-00952,2025-10-29,PUNE-01,Pune,West,Line-3,Night,PU-M01,OP-1037,PRD-1003,Drive Shaft 600mm,Assemblies,SUP-03,Precision Forge,470,464,20,15,66,17.98,1894.45,723970.76,7293.92,760519.36,92.21,No,In Progress,B-2510-217
PO-2025-00074,2025-10-30,CHENNAI-01,Chennai,South,Line-4,Evening,CH-M09,OP-1021,PRD-1008,Hydraulic Cylinder H8,Finished Goods,SUP-03,Precision Forge,460,398,6,3,65,17.95,2204.66,1930725.55,7321.69,1967314.66,97.79,No,Completed,B-2510-969
PO-2025-00383,2025-10-31,PUNE-01,Pune,West,Line-3,Morning,PU-M04,OP-1043,PRD-1003,Drive Shaft 600mm,Assemblies,SUP-03,Precision Forge,320,291,14,10,40,10.86,870.99,422433.57,4172.14,442975.03,92.1,No,Completed,B-2510-652
PO-2025-00936,2025-11-02,PUNE-01,Pune,West,Line-1,Night,PU-M07,OP-1028,PRD-1003,Drive Shaft 600mm,Assemblies,SUP-03,Precision Forge,260,268,8,5,57,10.03,618.9,366343.83,2879.5,378207.84,94.87,Yes,Completed,B-2511-252
PO-2025-00139,2025-11-03,CHENNAI-01,Chennai,South,Line-1,Night,CH-M10,OP-1034,PRD-1003,Drive Shaft 600mm,Assemblies,SUP-03,Precision Forge,90,73,1,0,94,7.02,189.14,106884.16,2277.69,110606.1,97.36,Yes,Completed,B-2511-122
PO-2025-00227,2025-11-04,PUNE-01,Pune,West,Line-1,Evening,PU-M09,OP-1006,PRD-1007,Motor Assembly M3,Assemblies,SUP-06,ElectroMotion Ltd,130,92,1,0,50,3.87,481.53,365549.01,1802.38,371489.92,97.34,No,On Hold,B-2511-253
PO-2025-00611,2025-11-04,PUNE-01,Pune,West,Line-3,Evening,PU-M11,OP-1052,PRD-1001,Steel Gear 40mm,Components,SUP-01,Bharat Metals,370,369,21,7,0,13.71,1263.15,163317.92,5079.04,182147.22,91.2,No,On Hold,B-2511-310
PO-2025-00315,2025-11-05,PUNE-01,Pune,West,Line-3,Night,PU-M07,OP-1013,PRD-1004,Industrial Pump A2,Finished Goods,SUP-04,FlowTech Parts,270,282,13,9,53,10.68,583.97,1394615.52,4999.3,1428994.63,92.8,No,Cancelled,B-2511-367
PO-2025-00463,2025-11-05,CHENNAI-01,Chennai,South,Line-1,Morning,CH-M03,OP-1014,PRD-1006,Bearing Set B12,Components,SUP-01,Bharat Metals,300,290,4,2,7,11.45,1511.92,79882.27,4062.24,97312.86,98.02,No,Cancelled,B-2511-841
PO-2025-00577,2025-11-05,CHENNAI-01,Chennai,South,Line-2,Morning,CH-M01,OP-1019,PRD-1008,Hydraulic Cylinder H8,Finished Goods,SUP-03,Precision Forge,500,427,17,12,7,19.51,1021.13,2491489.82,8381.25,2547239.88,93.29,No,Completed,B-2511-265
PO-2025-00969,2025-11-05,PUNE-01,Pune,West,Line-4,Night,PU-M04,OP-1030,PRD-1007,Motor Assembly M3,Assemblies,SUP-06,ElectroMotion Ltd,460,394,24,7,42,23.42,1329.98,1510991.92,9903.41,1548555.43,90.22,No,On Hold,B-2511-983
PO-2025-00309,2025-11-06,NOIDA-01,Noida,North,Line-4,Evening,NO-M11,OP-1069,PRD-1005,Control Valve V5,Finished Goods,SUP-05,ValveWorks India,350,293,4,2,24,11.96,1573.65,803810.47,3795.0,824129.01,96.9,No,In Progress,B-2511-679
PO-2025-00493,2025-11-06,CHENNAI-01,Chennai,South,Line-3,Night,CH-M09,OP-1027,PRD-1005,Control Valve V5,Finished Goods,SUP-05,ValveWorks India,490,514,8,2,40,22.85,2899.23,1120499.49,10566.06,1160771.87,96.88,No,Cancelled,B-2511-935
PO-2025-00992,2025-11-06,NOIDA-01,Noida,North,Line-1,Morning,NO-M06,OP-1060,PRD-1008,Hydraulic Cylinder H8,Finished Goods,SUP-03,Precision Forge,390,376,11,5,63,16.63,2042.5,1960977.28,7936.43,2001476.91,95.73,No,Cancelled,B-2511-396
PO-2025-00062,2025-11-07,CHENNAI-01,Chennai,South,Line-1,Evening,CH-M10,OP-1084,PRD-1001,Steel Gear 40mm,Components,SUP-01,Bharat Metals,300,243,6,3,53,16.19,550.07,127999.9,6524.6,139959.63,95.71,No,On Hold,B-2511-587
PO-2025-00079,2025-11-08,PUNE-01,Pune,West,Line-2,Morning,PU-M11,OP-1080,PRD-1003,Drive Shaft 600mm,Assemblies,SUP-03,Precision Forge,280,240,11,4,57,13.85,1370.88,328533.28,5579.97,347555.36,92.43,No,On Hold,B-2511-445
PO-2025-00257,2025-11-08,CHENNAI-01,Chennai,South,Line-1,Morning,CH-M07,OP-1076,PRD-1006,Bearing Set B12,Components,SUP-01,Bharat Metals,130,111,0,0,2,9.47,629.95,38297.31,4505.25,47490.23,99.49,No,Completed,B-2511-828
PO-2025-00523,2025-11-10,CHENNAI-01,Chennai,South,Line-3,Night,CH-M10,OP-1061,PRD-1007,Motor Assembly M3,Assemblies,SUP-06,ElectroMotion Ltd,240,208,7,2,0,10.85,843.36,716763.07,4437.28,732323.06,94.25,No,Completed,B-2511-902
PO-2025-00705,2025-11-10,NOIDA-01,Noida,North,Line-4,Morning,NO-M09,OP-1043,PRD-1007,Motor Assembly M3,Assemblies,SUP-06,ElectroMotion Ltd,240,200,6,4,30,9.35,451.37,584077.04,3075.93,599128.32,95.19,No,In Progress,B-2511-675
PO-2025-00136,2025-11-11,PUNE-01,Pune,West,Line-4,Night,PU-M02,OP-1075,PRD-1004,Industrial Pump A2,Finished Goods,SUP-04,FlowTech Parts,410,403,9,7,19,12.19,1180.78,1509406.83,5474.54,1543565.99,95.26,No,Completed,B-2511-752
PO-2025-00213,2025-11-12,CHENNAI-01,Chennai,South,Line-2,Morning,CH-M09,OP-1048,PRD-1007,Motor Assembly M3,Assemblies,SUP-06,ElectroMotion Ltd,240,215,0,0,40,11.66,998.29,821691.73,3963.49,834524.94,98.56,No,On Hold,B-2511-547
PO-2025-00314,2025-11-12,PUNE-01,Pune,West,Line-2,Evening,PU-M07,OP-1002,PRD-1001,Steel Gear 40mm,Components,SUP-01,Bharat Metals,500,445,9,6,50,15.92,1514.92,219728.32,7333.25,241974.81,96.21,No,In Progress,B-2511-361
PO-2025-00570,2025-11-12,PUNE-01,Pune,West,Line-3,Morning,PU-M04,OP-1046,PRD-1002,Aluminium Housing,Components,SUP-02,Nova Aluminium,90,64,1,0,17,5.16,145.21,61378.02,2124.03,64612.0,97.52,Yes,In Progress,B-2511-226
PO-2025-00721,2025-11-12,CHENNAI-01,Chennai,South,Line-2,Evening,CH-M10,OP-1008,PRD-1005,Control Valve V5,Finished Goods,SUP-05,ValveWorks India,260,232,0,0,0,11.63,641.66,637217.53,5187.95,647414.25,98.69,No,Completed,B-2511-138
PO-2025-00439,2025-11-13,PUNE-01,Pune,West,Line-2,Evening,PU-M07,OP-1046,PRD-1004,Industrial Pump A2,Finished Goods,SUP-04,FlowTech Parts,480,409,18,5,58,13.29,829.65,1595856.92,6327.48,1623179.87,92.11,No,Cancelled,B-2511-790
PO-2025-00868,2025-11-13,PUNE-01,Pune,West,Line-4,Evening,PU-M05,OP-1073,PRD-1001,Steel Gear 40mm,Components,SUP-01,Bharat Metals,400,337,0,0,4,16.95,669.27,121038.52,7600.94,134598.71,99.12,No,Completed,B-2511-591
PO-2025-00717,2025-11-14,PUNE-01,Pune,West,Line-2,Morning,PU-M02,OP-1008,PRD-1007,Motor Assembly M3,Assemblies,SUP-06,ElectroMotion Ltd,100,89,1,0,29,5.81,335.95,375043.38,2524.29,380561.98,96.71,No,Completed,B-2511-225
PO-2025-00795,2025-11-16,NOIDA-01,Noida,North,Line-4,Evening,NO-M04,OP-1049,PRD-1007,Motor Assembly M3,Assemblies,SUP-06,ElectroMotion Ltd,440,462,18,7,13,22.01,1043.46,1741037.35,9154.06,1773028.82,93.31,No,Completed,B-2511-459
PO-2025-00119,2025-11-17,PUNE-01,Pune,West,Line-3,Morning,PU-M03,OP-1041,PRD-1004,Industrial Pump A2,Finished Goods,SUP-04,FlowTech Parts,270,251,9,5,59,10.78,971.24,1290154.68,5024.98,1316192.74,94.68,No,On Hold,B-2511-154
PO-2025-00020,2025-11-18,NOIDA-01,Noida,North,Line-4,Night,NO-M01,OP-1039,PRD-1002,Aluminium Housing,Components,SUP-02,Nova Aluminium,270,211,5,2,15,9.27,550.7,158658.87,3982.64,167832.39,95.66,No,In Progress,B-2511-904
PO-2025-00300,2025-11-18,PUNE-01,Pune,West,Line-4,Morning,PU-M09,OP-1053,PRD-1008,Hydraulic Cylinder H8,Finished Goods,SUP-03,Precision Forge,150,120,3,1,35,8.22,272.85,567887.05,3052.82,576531.29,95.26,No,In Progress,B-2511-293
PO-2025-00205,2025-11-19,CHENNAI-01,Chennai,South,Line-4,Morning,CH-M12,OP-1067,PRD-1005,Control Valve V5,Finished Goods,SUP-05,ValveWorks India,390,391,3,2,58,21.59,1409.95,829275.08,7544.79,853105.38,97.53,No,Cancelled,B-2511-108
PO-2025-00333,2025-11-20,NOIDA-01,Noida,North,Line-3,Night,NO-M12,OP-1085,PRD-1002,Aluminium Housing,Components,SUP-02,Nova Aluminium,250,206,1,1,62,11.35,411.06,140380.74,3958.53,148016.3,98.92,No,Completed,B-2511-840
PO-2025-00448,2025-11-21,PUNE-01,Pune,West,Line-2,Night,PU-M07,OP-1028,PRD-1007,Motor Assembly M3,Assemblies,SUP-06,ElectroMotion Ltd,240,211,5,2,40,7.47,790.3,582588.52,2418.22,596739.1,95.93,No,Completed,B-2511-795
PO-2025-00545,2025-11-22,PUNE-01,Pune,West,Line-3,Evening,PU-M03,OP-1060,PRD-1004,Industrial Pump A2,Finished Goods,SUP-04,FlowTech Parts,220,194,7,4,64,8.38,867.21,788604.59,3904.87,809697.35,94.34,No,In Progress,B-2511-315
PO-2025-00793,2025-11-22,NOIDA-01,Noida,North,Line-1,Night,NO-M09,OP-1001,PRD-1001,Steel Gear 40mm,Components,SUP-01,Bharat Metals,200,167,5,3,30,9.32,922.28,59840.96,3571.03,72334.11,94.74,No,In Progress,B-2511-953
PO-2025-00890,2025-11-23,PUNE-01,Pune,West,Line-3,Morning,PU-M02,OP-1042,PRD-1003,Drive Shaft 600mm,Assemblies,SUP-03,Precision Forge,300,267,6,2,12,12.9,638.75,268060.45,4563.72,279887.16,96.57,No,In Progress,B-2511-323
PO-2025-00808,2025-11-25,PUNE-01,Pune,West,Line-1,Evening,PU-M06,OP-1062,PRD-1002,Aluminium Housing,Components,SUP-02,Nova Aluminium,170,118,2,1,31,7.72,412.36,97631.84,3687.34,105274.39,96.23,No,Completed,B-2511-957
PO-2025-00609,2025-11-26,CHENNAI-01,Chennai,South,Line-4,Night,CH-M11,OP-1050,PRD-1001,Steel Gear 40mm,Components,SUP-01,Bharat Metals,170,136,6,2,75,7.98,760.31,47858.89,3105.15,57045.38,92.34,No,On Hold,B-2511-496
PO-2025-00295,2025-11-27,CHENNAI-01,Chennai,South,Line-2,Morning,CH-M09,OP-1079,PRD-1005,Control Valve V5,Finished Goods,SUP-05,ValveWorks India,250,197,9,6,19,13.34,657.86,495845.64,6165.18,517290.64,93.33,No,On Hold,B-2511-966
PO-2025-00477,2025-11-27,NOIDA-01,Noida,North,Line-3,Evening,NO-M06,OP-1055,PRD-1003,Drive Shaft 600mm,Assemblies,SUP-03,Precision Forge,200,194,6,2,37,7.69,516.27,290317.85,2300.91,298578.98,94.42,No,In Progress,B-2511-572
PO-2025-00576,2025-11-27,NOIDA-01,Noida,North,Line-4,Evening,NO-M10,OP-1014,PRD-1006,Bearing Set B12,Components,SUP-01,Bharat Metals,470,405,7,3,54,14.41,960.33,155497.31,4445.76,168890.68,96.24,No,Completed,B-2511-289
PO-2025-00590,2025-11-27,PUNE-01,Pune,West,Line-4,Evening,PU-M03,OP-1044,PRD-1002,Aluminium Housing,Components,SUP-02,Nova Aluminium,200,149,1,1,19,8.37,597.34,129816.97,2676.09,137420.39,97.98,No,In Progress,B-2511-236
PO-2025-00837,2025-11-28,NOIDA-01,Noida,North,Line-3,Night,NO-M03,OP-1010,PRD-1003,Drive Shaft 600mm,Assemblies,SUP-03,Precision Forge,130,129,3,1,61,9.23,490.08,141445.86,2600.04,149145.46,95.92,No,In Progress,B-2511-125
PO-2025-00929,2025-11-28,NOIDA-01,Noida,North,Line-2,Evening,NO-M07,OP-1027,PRD-1004,Industrial Pump A2,Finished Goods,SUP-04,FlowTech Parts,290,254,10,4,0,10.66,495.27,1113799.66,3273.41,1132626.96,94.47,No,On Hold,B-2511-993
PO-2025-00212,2025-11-30,CHENNAI-01,Chennai,South,Line-3,Evening,CH-M08,OP-1070,PRD-1008,Hydraulic Cylinder H8,Finished Goods,SUP-03,Precision Forge,420,416,7,2,23,13.87,1742.84,2327072.74,6317.21,2353976.21,96.49,No,Completed,B-2511-552
PO-2025-00228,2025-12-01,NOIDA-01,Noida,North,Line-1,Night,NO-M07,OP-1034,PRD-1004,Industrial Pump A2,Finished Goods,SUP-04,FlowTech Parts,170,167,8,4,91,8.99,668.09,645234.56,3226.19,664385.29,93.14,Yes,Completed,B-2512-508
PO-2025-00059,2025-12-02,PUNE-01,Pune,West,Line-4,Night,PU-M07,OP-1082,PRD-1001,Steel Gear 40mm,Components,SUP-01,Bharat Metals,390,327,1,1,37,12.85,709.41,115567.96,3646.17,126046.54,98.02,No,Completed,B-2512-514
PO-2025-00877,2025-12-02,CHENNAI-01,Chennai,South,Line-4,Evening,CH-M03,OP-1034,PRD-1007,Motor Assembly M3,Assemblies,SUP-06,ElectroMotion Ltd,220,200,2,1,56,9.91,1039.55,737049.32,3043.82,751710.1,98.25,No,Cancelled,B-2512-210
PO-2025-00914,2025-12-02,CHENNAI-01,Chennai,South,Line-3,Night,CH-M04,OP-1046,PRD-1006,Bearing Set B12,Components,SUP-01,Bharat Metals,470,432,12,5,29,26.24,870.27,117032.92,9699.55,134654.19,95.26,No,Completed,B-2512-548
PO-2025-00043,2025-12-03,NOIDA-01,Noida,North,Line-1,Evening,NO-M03,OP-1039,PRD-1007,Motor Assembly M3,Assemblies,SUP-06,ElectroMotion Ltd,280,221,1,1,0,12.79,651.84,607681.82,6083.79,621719.26,98.1,No,Completed,B-2512-432
PO-2025-00112,2025-12-04,CHENNAI-01,Chennai,South,Line-4,Night,CH-M04,OP-1042,PRD-1006,Bearing Set B12,Components,SUP-01,Bharat Metals,350,331,0,0,50,17.93,1866.02,101295.75,8479.36,127187.31,99.48,No,In Progress,B-2512-473
PO-2025-00514,2025-12-04,PUNE-01,Pune,West,Line-4,Night,PU-M04,OP-1038,PRD-1001,Steel Gear 40mm,Components,SUP-01,Bharat Metals,90,80,1,1,65,5.51,359.47,36398.08,1941.83,41372.03,97.97,No,Completed,B-2512-439
PO-2025-00865,2025-12-04,CHENNAI-01,Chennai,South,Line-2,Evening,CH-M03,OP-1002,PRD-1005,Control Valve V5,Finished Goods,SUP-05,ValveWorks India,90,77,1,1,0,4.93,291.57,166048.57,2172.58,172573.3,,No,Cancelled,B-2512-608
PO-2025-00970,2025-12-04,PUNE-01,Pune,West,Line-4,Morning,PU-M06,,PRD-1005,Control Valve V5,Finished Goods,SUP-05,ValveWorks India,430,383,10,3,43,22.09,2106.16,1175169.02,6872.06,1204745.49,94.89,No,Completed,B-2512-428
PO-2025-00117,2025-12-05,NOIDA-01,Noida,North,Line-1,Night,NO-M02,OP-1069,PRD-1007,Motor Assembly M3,Assemblies,SUP-06,ElectroMotion Ltd,370,358,13,6,41,22.11,949.74,1156627.57,9307.14,1186222.81,93.56,No,Completed,B-2512-301
PO-2025-00732,2025-12-05,NOIDA-01,Noida,North,Line-3,Morning,NO-M07,OP-1052,PRD-1002,Aluminium Housing,Components,SUP-02,Nova Aluminium,260,259,7,3,13,12.45,671.62,176319.86,3946.54,187777.56,94.74,No,Completed,B-2512-517
PO-2025-00073,2025-12-06,CHENNAI-01,Chennai,South,Line-2,Night,CH-M05,OP-1042,PRD-1002,Aluminium Housing,Components,SUP-02,Nova Aluminium,310,290,0,0,10,16.42,954.91,205770.57,4868.9,218406.61,99.22,No,Completed,B-2512-776
PO-2025-00417,2025-12-06,PUNE-01,Pune,West,Line-4,Morning,PU-M02,OP-1014,PRD-1003,Drive Shaft 600mm,Assemblies,SUP-03,Precision Forge,500,485,9,4,48,20.12,2277.74,705211.31,9181.83,736597.7,95.74,No,Completed,B-2512-259
PO-2025-00697,2025-12-08,CHENNAI-01,Chennai,South,Line-2,Morning,CH-M11,OP-1073,PRD-1001,Steel Gear 40mm,Components,SUP-01,Bharat Metals,160,149,5,2,104,7.52,628.5,70085.14,2949.63,79231.98,95.15,Yes,Cancelled,B-2512-987
PO-2025-00064,2025-12-09,PUNE-01,Pune,West,Line-4,Morning,PU-M10,OP-1011,PRD-1006,Bearing Set B12,Components,SUP-01,Bharat Metals,140,111,4,2,77,7.06,489.75,29873.01,2913.82,37727.78,94.4,Yes,Completed,B-2512-672
PO-2025-00489,2025-12-09,PUNE-01,Pune,West,Line-4,Night,PU-M12,OP-1079,PRD-1003,Drive Shaft 600mm,Assemblies,SUP-03,Precision Forge,210,183,9,6,0,9.28,1023.33,259235.7,4019.31,275637.6,91.35,No,On Hold,B-2512-590
PO-2025-00286,2025-12-10,CHENNAI-01,Chennai,South,Line-4,Evening,CH-M05,OP-1007,PRD-1006,Bearing Set B12,Components,SUP-01,Bharat Metals,490,410,5,3,54,16.36,1488.87,113622.46,7163.55,132708.9,97.82,No,Completed,B-2512-566
PO-2025-00085,2025-12-11,NOIDA-01,Noida,North,Line-2,Night,NO-M01,OP-1075,PRD-1008,Hydraulic Cylinder H8,Finished Goods,SUP-03,Precision Forge,440,457,3,2,21,18.79,2161.36,1775466.56,7044.71,1809041.48,97.67,No,On Hold,B-2512-744
PO-2025-00662,2025-12-12,NOIDA-01,Noida,North,Line-4,Morning,NO-M09,OP-1079,PRD-1005,Control Valve V5,Finished Goods,SUP-05,ValveWorks India,260,216,7,4,49,9.14,900.78,491236.19,3571.38,508850.83,95.07,Yes,Completed,B-2512-193
PO-2025-00289,2025-12-13,NOIDA-01,Noida,North,Line-3,Morning,NO-M01,OP-1011,PRD-1002,Aluminium Housing,Components,SUP-02,Nova Aluminium,380,325,3,1,51,11.67,717.11,276501.83,4629.33,287152.32,97.02,No,In Progress,B-2512-793
PO-2025-00840,2025-12-14,PUNE-01,Pune,West,Line-3,Evening,PU-M01,OP-1085,PRD-1008,Hydraulic Cylinder H8,Finished Goods,SUP-03,Precision Forge,420,387,0,0,2,23.94,1639.39,2311079.94,8999.49,2332504.75,99.08,No,On Hold,B-2512-241
PO-2025-00977,2025-12-14,CHENNAI-01,Chennai,South,Line-1,Night,CH-M03,OP-1023,PRD-1005,Control Valve V5,Finished Goods,SUP-05,ValveWorks India,180,163,4,3,26,7.15,419.84,423301.52,3199.33,435141.87,96.19,No,Completed,B-2512-593
PO-2025-00392,2025-12-17,PUNE-01,Pune,West,Line-3,Evening,PU-M08,OP-1044,PRD-1004,Industrial Pump A2,Finished Goods,SUP-04,FlowTech Parts,380,289,8,2,29,16.26,1308.84,971297.43,5239.19,993700.18,95.45,No,Completed,B-2512-479
PO-2025-00778,2025-12-17,NOIDA-01,Noida,North,Line-3,Evening,NO-M05,OP-1026,PRD-1001,Steel Gear 40mm,Components,SUP-01,Bharat Metals,370,366,13,6,7,19.43,1704.87,201645.1,8599.71,225321.05,93.28,No,Completed,B-2512-216
PO-2025-00820,2025-12-17,CHENNAI-01,Chennai,South,Line-1,Morning,CH-M02,OP-1063,PRD-1005,Control Valve V5,Finished Goods,SUP-05,ValveWorks India,110,90,4,1,71,4.98,247.09,251973.64,1721.19,257598.38,92.36,No,On Hold,B-2512-287
PO-2025-00231,2025-12-18,NOIDA-01,Noida,North,Line-1,Evening,NO-M03,OP-1008,PRD-1002,Aluminium Housing,Components,SUP-02,Nova Aluminium,270,242,7,2,31,10.28,922.95,160273.69,4315.04,172286.31,94.9,No,Cancelled,B-2512-732
PO-2025-00393,2025-12-18,CHENNAI-01,Chennai,South,Line-3,Night,CH-M04,OP-1048,PRD-1004,Industrial Pump A2,Finished Goods,SUP-04,,310,257,10,4,23,15.22,1195.07,1304738.7,4684.3,1330530.02,92.99,No,Cancelled,B-2512-774
PO-2025-00885,2025-12-18,CHENNAI-01,Chennai,South,Line-1,Morning,CH-M09,OP-1059,PRD-1007,Motor Assembly M3,Assemblies,SUP-06,ElectroMotion Ltd,420,400,0,0,33,17.32,1464.03,1090804.14,5494.97,1107258.81,99.85,No,Completed,B-2512-341
PO-2025-00418,2025-12-19,NOIDA-01,Noida,North,Line-2,Morning,NO-M05,OP-1015,PRD-1001,Steel Gear 40mm,Components,SUP-01,Bharat Metals,230,240,9,4,17,9.04,899.26,86883.24,3306.75,99034.53,93.44,No,Cancelled,B-2512-353
PO-2025-00684,2025-12-20,PUNE-01,Pune,West,Line-4,Night,PU-M06,OP-1073,PRD-1001,Steel Gear 40mm,Components,SUP-01,Bharat Metals,100,95,0,0,64,5.16,581.18,50188.58,1908.8,57324.93,98.66,No,Completed,B-2512-107
PO-2025-00886,2025-12-21,NOIDA-01,Noida,North,Line-3,Morning,NO-M10,OP-1080,PRD-1007,Motor Assembly M3,Assemblies,SUP-06,ElectroMotion Ltd,470,494,18,13,35,28.93,2611.58,1838697.92,12717.27,1903786.41,93.82,No,Cancelled,B-2512-463
PO-2025-00132,2025-12-22,NOIDA-01,Noida,North,Line-1,Evening,NO-M08,OP-1066,PRD-1005,Control Valve V5,Finished Goods,SUP-05,ValveWorks India,180,147,7,5,3,5.86,794.94,386836.49,2254.76,403937.18,91.58,No,In Progress,B-2512-979
PO-2025-00830,2025-12-22,NOIDA-01,Noida,North,Line-3,Night,NO-M12,OP-1076,PRD-1005,Control Valve V5,Finished Goods,SUP-05,ValveWorks India,360,299,2,1,10,16.51,1133.6,892600.34,7411.42,911062.6,98.07,No,Cancelled,B-2512-128
PO-2025-00976,2025-12-22,PUNE-01,Pune,West,Line-4,Evening,PU-M01,OP-1061,PRD-1003,Drive Shaft 600mm,Assemblies,SUP-03,Precision Forge,380,348,15,4,37,12.43,1280.45,508584.12,4261.68,527275.7,92.64,No,In Progress,B-2512-611
PO-2025-00987,2025-12-22,NOIDA-01,Noida,North,Line-1,Morning,NO-M03,OP-1032,PRD-1004,Industrial Pump A2,Finished Goods,SUP-04,FlowTech Parts,150,151,6,2,92,7.44,524.57,590542.8,3384.55,603858.01,94.2,Yes,In Progress,B-2512-511
PO-2025-00220,2025-12-23,CHENNAI-01,Chennai,South,Line-2,Morning,CH-M10,OP-1047,PRD-1008,Hydraulic Cylinder H8,Finished Goods,SUP-03,Precision Forge,250,243,2,1,22,14.05,889.42,1240135.84,5209.96,1256452.88,97.94,No,Completed,B-2512-428
PO-2025-00061,2025-12-24,CHENNAI-01,Chennai,South,Line-3,Night,CH-M06,OP-1020,PRD-1003,Drive Shaft 600mm,Assemblies,SUP-03,Precision Forge,230,211,6,4,56,14.67,936.58,280934.34,5807.76,298178.94,94.43,No,In Progress,B-2512-552
PO-2025-00583,2025-12-25,PUNE-01,Pune,West,Line-4,Morning,PU-M11,OP-1057,PRD-1004,Industrial Pump A2,Finished Goods,SUP-04,FlowTech Parts,250,235,5,3,57,12.05,704.54,1073325.46,4628.69,1092029.41,95.63,No,Completed,B-2512-654
PO-2025-00963,2025-12-30,NOIDA-01,Noida,North,Line-2,Night,NO-M02,OP-1003,PRD-1001,Steel Gear 40mm,Components,SUP-01,Bharat Metals,400,398,6,3,35,17.58,2203.26,143608.43,8291.45,170275.91,97.28,No,Completed,B-2512-671
PO-2025-00786,2025-12-31,NOIDA-01,Noida,North,Line-2,Morning,NO-M07,OP-1073,PRD-1004,Industrial Pump A2,Finished Goods,SUP-04,,440,462,9,4,40,15.22,954.26,2019546.43,5536.39,2043545.71,96.07,No,On Hold,B-2512-512
PO-2026-00052,2026-01-02,PUNE-01,Pune,West,Line-1,Night,PU-M11,OP-1067,PRD-1006,Bearing Set B12,Components,SUP-01,Bharat Metals,90,83,3,2,4,6.15,310.18,28020.76,1856.14,32881.01,93.24,No,Cancelled,B-2601-131
PO-2026-00488,2026-01-02,PUNE-01,Pune,West,Line-3,Night,PU-M01,OP-1005,PRD-1003,Drive Shaft 600mm,Assemblies,SUP-03,Precision Forge,260,256,9,6,32,9.49,877.09,361774.96,2867.64,376801.45,93.43,No,Completed,B-2601-305
PO-2026-00975,2026-01-02,NOIDA-01,Noida,North,Line-1,Night,NO-M06,OP-1048,PRD-1003,Drive Shaft 600mm,Assemblies,SUP-03,Precision Forge,210,173,1,0,62,7.9,894.79,269702.38,3781.96,281090.87,98.77,No,Completed,B-2601-106
PO-2026-00102,2026-01-03,CHENNAI-01,Chennai,South,Line-2,Morning,CH-M05,OP-1071,PRD-1005,Control Valve V5,Finished Goods,SUP-05,ValveWorks India,310,236,9,3,100,8.68,1292.37,603238.95,3148.98,622489.87,94.26,Yes,On Hold,B-2601-693
PO-2026-00120,2026-01-03,PUNE-01,Pune,West,Line-2,Evening,PU-M01,OP-1036,PRD-1008,Hydraulic Cylinder H8,Finished Goods,SUP-03,Precision Forge,160,144,6,3,61,6.86,580.63,701590.06,2150.27,718198.1,92.73,No,Completed,B-2601-272
PO-2026-00842,2026-01-04,NOIDA-01,Noida,North,Line-4,Evening,NO-M06,OP-1017,PRD-1004,Industrial Pump A2,Finished Goods,SUP-04,FlowTech Parts,80,65,0,0,62,6.06,394.16,307111.43,1877.71,312566.23,99.76,No,Completed,B-2601-349
PO-2026-00126,2026-01-05,CHENNAI-01,Chennai,South,Line-2,Night,CH-M11,OP-1057,PRD-1002,Aluminium Housing,Components,SUP-02,Nova Aluminium,310,263,1,0,6,11.8,1270.65,169209.49,3528.63,182483.4,99.33,Yes,Cancelled,B-2601-451
PO-2026-00750,2026-01-05,CHENNAI-01,Chennai,South,Line-4,Evening,CH-M10,OP-1051,PRD-1007,Motor Assembly M3,Assemblies,SUP-06,ElectroMotion Ltd,470,401,17,5,24,14.25,2172.36,1526732.97,6419.57,1560925.9,93.74,No,Completed,B-2601-946
PO-2026-00003,2026-01-06,NOIDA-01,Noida,North,Line-1,Night,NO-M11,OP-1022,PRD-1004,Industrial Pump A2,Finished Goods,SUP-04,FlowTech Parts,120,107,2,1,58,7.18,488.97,430859.79,2311.25,439708.82,95.7,No,Completed,B-2601-267
PO-2026-01000,2026-01-06,CHENNAI-01,Chennai,South,Line-1,Night,CH-M09,OP-1057,PRD-1007,Motor Assembly M3,Assemblies,SUP-06,ElectroMotion Ltd,100,79,3,2,15,4.17,460.57,317782.18,1842.18,327760.12,93.14,Yes,Completed,B-2601-955
PO-2026-00277,2026-01-08,CHENNAI-01,Chennai,South,Line-3,Evening,CH-M04,OP-1042,PRD-1004,Industrial Pump A2,Finished Goods,SUP-04,FlowTech Parts,350,350,14,4,37,20.99,859.31,1512078.66,6174.67,1535805.19,93.6,No,Completed,B-2601-433
PO-2026-00337,2026-01-08,CHENNAI-01,Chennai,South,Line-2,Night,CH-M07,OP-1030,PRD-1003,Drive Shaft 600mm,Assemblies,SUP-03,Precision Forge,150,121,0,0,56,5.56,476.29,146961.59,2396.19,153164.96,98.8,No,In Progress,B-2601-523
PO-2026-00816,2026-01-08,PUNE-01,Pune,West,Line-3,Evening,PU-M11,OP-1067,PRD-1006,Bearing Set B12,Components,SUP-01,Bharat Metals,450,362,12,8,66,16.01,722.2,100007.41,7503.14,114629.23,93.77,No,Completed,B-2601-489
PO-2026-00767,2026-01-09,CHENNAI-01,Chennai,South,Line-3,Night,CH-M09,OP-1046,PRD-1001,Steel Gear 40mm,Components,SUP-01,Bharat Metals,430,390,21,10,41,14.46,1448.92,206124.53,5316.57,226922.38,91.21,No,Cancelled,B-2601-647
PO-2026-00526,2026-01-10,CHENNAI-01,Chennai,South,Line-3,Evening,CH-M02,OP-1048,PRD-1006,Bearing Set B12,Components,SUP-01,Bharat Metals,350,322,15,11,26,10.9,827.02,83041.43,4015.74,96317.25,93.47,No,On Hold,B-2601-113
PO-2026-00260,2026-01-11,PUNE-01,Pune,West,Line-1,Morning,PU-M08,OP-1081,PRD-1001,Steel Gear 40mm,Components,SUP-01,Bharat Metals,440,354,9,5,52,10.75,1697.97,186775.2,4623.75,206103.12,95.51,No,Cancelled,B-2601-179
PO-2026-00414,2026-01-11,PUNE-01,Pune,West,Line-2,Morning,PU-M12,OP-1081,PRD-1006,Bearing Set B12,Components,SUP-01,Bharat Metals,110,90,3,1,39,8.18,272.33,33997.79,2483.23,38834.54,94.8,No,Completed,B-2601-412
PO-2026-00529,2026-01-11,NOIDA-01,Noida,North,Line-1,Evening,NO-M05,OP-1072,PRD-1001,Steel Gear 40mm,Components,SUP-01,Bharat Metals,500,499,11,7,0,20.99,1065.8,201167.87,6711.27,218747.1,96.6,No,Completed,B-2601-577
PO-2026-00819,2026-01-11,CHENNAI-01,Chennai,South,Line-1,Night,CH-M01,OP-1009,PRD-1003,Drive Shaft 600mm,Assemblies,SUP-03,Precision Forge,140,114,2,1,50,8.01,298.19,122376.54,3595.79,129182.67,96.05,No,Completed,B-2601-821
PO-2026-00927,2026-01-11,NOIDA-01,Noida,North,Line-1,Night,NO-M03,OP-1066,PRD-1005,Control Valve V5,Finished Goods,SUP-05,ValveWorks India,360,311,5,2,31,13.18,1024.88,692874.8,4691.63,708965.46,96.03,No,In Progress,B-2601-597
PO-2026-00180,2026-01-12,NOIDA-01,Noida,North,Line-3,Morning,NO-M06,OP-1060,PRD-1004,Industrial Pump A2,Finished Goods,SUP-04,FlowTech Parts,200,179,6,4,0,9.76,690.11,741957.48,3819.28,761863.02,94.26,No,Completed,B-2601-140
PO-2026-00643,2026-01-12,CHENNAI-01,Chennai,South,Line-4,Night,CH-M09,OP-1053,PRD-1008,Hydraulic Cylinder H8,Finished Goods,SUP-03,Precision Forge,420,410,4,1,60,14.58,1049.76,2020507.7,5095.53,2037021.91,97.17,No,In Progress,B-2601-188
PO-2026-00652,2026-01-13,NOIDA-01,Noida,North,Line-2,Morning,NO-M01,OP-1021,PRD-1002,Aluminium Housing,Components,SUP-02,Nova Aluminium,340,288,8,4,0,12.09,821.12,214223.4,4355.61,228181.71,94.48,No,Completed,B-2601-780
PO-2026-00803,2026-01-13,CHENNAI-01,Chennai,South,Line-3,Night,CH-M08,OP-1044,PRD-1003,Drive Shaft 600mm,Assemblies,SUP-03,Precision Forge,270,259,5,2,69,14.62,1506.34,260607.64,6855.53,280797.1,96.12,No,Completed,B-2601-965
PO-2026-00799,2026-01-14,CHENNAI-01,Chennai,South,Line-2,Morning,CH-M02,OP-1023,PRD-1007,Motor Assembly M3,Assemblies,SUP-06,ElectroMotion Ltd,320,233,8,5,50,14.4,758.94,692706.72,4186.65,714367.81,93.98,No,Completed,B-2601-880
PO-2026-00321,2026-01-15,PUNE-01,Pune,West,Line-3,Night,PU-M06,OP-1056,PRD-1001,Steel Gear 40mm,Components,SUP-01,Bharat Metals,450,418,4,2,45,24.25,1492.29,171877.04,11535.81,196370.27,96.91,No,Completed,B-2601-727
PO-2026-00055,2026-01-17,PUNE-01,Pune,West,Line-2,Night,PU-M08,OP-1029,PRD-1001,Steel Gear 40mm,Components,SUP-01,Bharat Metals,450,378,12,8,75,12.53,2082.47,153363.14,4291.4,175418.96,94.64,No,Completed,B-2601-965
PO-2026-00540,2026-01-17,CHENNAI-01,Chennai,South,Line-4,Evening,CH-M01,OP-1060,PRD-1006,Bearing Set B12,Components,SUP-01,Bharat Metals,420,398,9,3,0,18.31,2101.94,102406.73,8599.11,130052.28,96.37,No,Completed,B-2601-988
PO-2026-00640,2026-01-17,PUNE-01,Pune,West,Line-1,Evening,PU-M03,OP-1002,PRD-1005,Control Valve V5,Finished Goods,SUP-05,ValveWorks India,340,296,4,1,0,15.93,1073.8,989967.65,7374.21,1007089.97,96.96,No,Cancelled,B-2601-340
PO-2026-00812,2026-01-17,CHENNAI-01,Chennai,South,Line-2,Morning,CH-M06,OP-1040,PRD-1002,Aluminium Housing,Components,SUP-02,Nova Aluminium,260,260,9,6,52,12.89,761.56,216135.79,5555.89,231537.08,94.66,No,On Hold,B-2601-423
PO-2026-00843,2026-01-17,NOIDA-01,Noida,North,Line-4,Evening,NO-M08,OP-1046,PRD-1004,Industrial Pump A2,Finished Goods,SUP-04,FlowTech Parts,100,79,2,1,78,5.21,204.78,268006.76,2204.09,274683.26,94.77,Yes,In Progress,B-2601-698
PO-2026-00084,2026-01-18,CHENNAI-01,Chennai,South,Line-3,Morning,CH-M07,OP-1079,PRD-1006,Bearing Set B12,Components,SUP-01,Bharat Metals,170,154,7,4,64,9.56,513.34,50616.47,3835.97,59584.67,93.05,No,Completed,B-2601-707
PO-2026-00924,2026-01-18,PUNE-01,Pune,West,Line-2,Night,PU-M02,OP-1002,PRD-1006,Bearing Set B12,Components,SUP-01,Bharat Metals,400,348,8,5,45,10.38,1807.9,96141.51,3725.51,116919.04,96.56,No,On Hold,B-2601-228
PO-2026-00183,2026-01-19,NOIDA-01,Noida,North,Line-4,Morning,NO-M04,OP-1069,PRD-1008,Hydraulic Cylinder H8,Finished Goods,SUP-03,Precision Forge,390,352,17,12,99,20.36,1411.3,1399871.03,8430.4,1459084.65,91.68,Yes,Cancelled,B-2601-999
PO-2026-00889,2026-01-19,NOIDA-01,Noida,North,Line-3,Evening,NO-M04,OP-1035,PRD-1007,Motor Assembly M3,Assemblies,SUP-06,ElectroMotion Ltd,400,345,9,6,33,14.57,1599.94,1135928.91,5996.82,1167028.33,94.77,No,In Progress,B-2601-585
PO-2026-00979,2026-01-19,PUNE-01,Pune,West,Line-2,Night,PU-M07,OP-1035,PRD-1002,Aluminium Housing,Components,SUP-02,Nova Aluminium,350,310,0,0,41,11.86,1824.08,281668.16,3353.8,302155.81,98.4,No,Completed,B-2601-162
PO-2026-00248,2026-01-20,NOIDA-01,Noida,North,Line-3,Morning,NO-M09,OP-1039,PRD-1003,Drive Shaft 600mm,Assemblies,SUP-03,Precision Forge,440,378,7,2,17,13.16,1988.06,435790.5,3913.25,459498.76,96.74,No,Completed,B-2601-903
PO-2026-00444,2026-01-20,PUNE-01,Pune,West,Line-4,Evening,PU-M04,OP-1052,PRD-1007,Motor Assembly M3,Assemblies,SUP-06,ElectroMotion Ltd,120,112,7,4,8,6.89,446.86,311348.79,2177.62,325530.32,89.52,No,Completed,B-2601-450
PO-2026-00565,2026-01-20,PUNE-01,Pune,West,Line-2,Night,PU-M02,OP-1057,PRD-1002,Aluminium Housing,Components,SUP-02,Nova Aluminium,110,93,0,0,22,7.75,302.76,71144.45,2405.25,75829.76,99.46,No,On Hold,B-2601-659
PO-2026-00571,2026-01-20,PUNE-01,Pune,West,Line-4,Night,PU-M10,OP-1046,PRD-1008,Hydraulic Cylinder H8,Finished Goods,SUP-03,Precision Forge,210,202,3,1,14,7.17,515.55,1118314.5,2182.12,1128251.73,97.7,No,Completed,B-2601-525
PO-2026-00065,2026-01-21,NOIDA-01,Noida,North,Line-2,Morning,NO-M03,OP-1010,PRD-1006,Bearing Set B12,Components,SUP-01,Bharat Metals,160,124,3,2,10,6.28,406.84,35313.92,2027.43,41545.81,95.74,No,Completed,B-2601-619
PO-2026-00491,2026-01-22,NOIDA-01,Noida,North,Line-1,Morning,NO-M12,OP-1032,PRD-1003,Drive Shaft 600mm,Assemblies,SUP-03,Precision Forge,350,280,9,5,26,9.82,907.82,317106.16,2930.27,330705.31,94.76,No,Completed,B-2601-158
PO-2026-00455,2026-01-23,CHENNAI-01,Chennai,South,Line-2,Evening,CH-M02,OP-1063,PRD-1001,Steel Gear 40mm,Components,SUP-01,Bharat Metals,250,226,17,12,52,14.96,532.53,90458.14,4729.24,102556.25,87.95,No,In Progress,B-2601-175
PO-2026-00710,2026-01-23,PUNE-01,Pune,West,Line-3,Evening,PU-M03,OP-1077,PRD-1003,Drive Shaft 600mm,Assemblies,SUP-03,Precision Forge,310,286,8,5,62,12.08,710.14,354810.82,4432.44,369561.9,95.78,No,On Hold,B-2601-320
PO-2026-00256,2026-01-24,CHENNAI-01,Chennai,South,Line-4,Morning,CH-M04,OP-1041,PRD-1008,Hydraulic Cylinder H8,Finished Goods,SUP-03,Precision Forge,490,414,14,9,82,15.29,1815.05,1726029.01,4737.5,1774621.23,94.56,Yes,Completed,B-2601-683
PO-2026-00495,2026-01-24,PUNE-01,Pune,West,Line-4,Evening,PU-M12,OP-1008,PRD-1007,Motor Assembly M3,Assemblies,SUP-06,ElectroMotion Ltd,420,377,3,1,62,16.17,2116.19,1474112.53,6438.76,1501483.34,98.27,No,On Hold,B-2601-497
PO-2026-00797,2026-01-24,CHENNAI-01,Chennai,South,Line-4,Evening,CH-M08,OP-1053,PRD-1001,Steel Gear 40mm,Components,SUP-01,Bharat Metals,110,97,1,0,81,4.34,253.76,54059.07,1807.53,57846.62,96.93,Yes,Completed,B-2601-434
PO-2026-00086,2026-01-25,PUNE-01,Pune,West,Line-1,Night,PU-M03,OP-1067,PRD-1004,Industrial Pump A2,Finished Goods,SUP-04,FlowTech Parts,100,76,2,1,71,5.09,285.23,326320.44,2047.68,333447.71,94.79,No,Completed,B-2601-778
PO-2026-00111,2026-01-25,PUNE-01,Pune,West,Line-3,Morning,PU-M07,OP-1043,PRD-1003,Drive Shaft 600mm,Assemblies,SUP-03,Precision Forge,250,246,11,5,26,10.12,699.52,336748.31,4035.46,350233.75,93.55,No,In Progress,B-2601-923
PO-2026-00238,2026-01-25,NOIDA-01,Noida,North,Line-4,Night,NO-M01,OP-1072,PRD-1006,Bearing Set B12,Components,SUP-01,Bharat Metals,330,263,2,1,24,12.85,1313.54,86218.05,5723.42,101735.03,97.14,No,Cancelled,B-2601-150
PO-2026-00773,2026-01-25,PUNE-01,Pune,West,Line-3,Evening,PU-M05,OP-1017,PRD-1001,Steel Gear 40mm,Components,SUP-01,Bharat Metals,210,166,1,1,29,8.14,464.46,62191.67,2589.75,69368.1,98.17,No,Completed,B-2601-365
PO-2026-00871,2026-01-25,PUNE-01,Pune,West,Line-3,Night,PU-M10,OP-1072,PRD-1006,Bearing Set B12,Components,SUP-01,Bharat Metals,210,188,4,2,65,11.89,725.63,60884.45,3887.48,70548.56,96.46,No,Completed,B-2601-726
PO-2026-00852,2026-01-26,CHENNAI-01,Chennai,South,Line-3,Morning,CH-M11,OP-1034,PRD-1005,Control Valve V5,Finished Goods,SUP-05,ValveWorks India,360,341,19,7,51,16.54,821.73,1023784.15,7897.19,1050205.62,91.51,No,On Hold,B-2601-300
PO-2026-00918,2026-01-26,CHENNAI-01,Chennai,South,Line-4,Night,CH-M07,OP-1034,PRD-1002,Aluminium Housing,Components,SUP-02,Nova Aluminium,380,303,9,3,69,11.63,651.2,208504.1,4177.62,219734.77,94.81,No,Completed,B-2601-153
PO-2026-00258,2026-01-27,CHENNAI-01,Chennai,South,Line-1,Night,CH-M01,OP-1019,PRD-1007,Motor Assembly M3,Assemblies,SUP-06,ElectroMotion Ltd,350,272,5,2,34,14.65,1519.37,775928.65,7024.55,800472.44,97.18,No,In Progress,B-2601-773
PO-2026-00942,2026-01-27,PUNE-01,Pune,West,Line-4,Evening,PU-M08,OP-1072,PRD-1003,Drive Shaft 600mm,Assemblies,SUP-03,Precision Forge,140,134,8,3,77,6.41,715.58,167452.93,2924.04,179560.48,90.38,Yes,In Progress,B-2601-910
PO-2026-00200,2026-01-29,CHENNAI-01,Chennai,South,Line-2,Night,CH-M03,OP-1005,PRD-1005,Control Valve V5,Finished Goods,SUP-05,ValveWorks India,460,460,17,6,70,17.53,2446.14,1263097.11,5591.18,1300914.38,93.91,No,Cancelled,B-2601-100
PO-2026-00485,2026-01-29,CHENNAI-01,Chennai,South,Line-2,Morning,CH-M05,,PRD-1002,Aluminium Housing,Components,SUP-02,Nova Aluminium,110,96,3,2,26,6.71,537.65,83752.28,2385.58,92193.61,94.59,No,Completed,B-2601-330
PO-2026-00525,2026-01-30,NOIDA-01,Noida,North,Line-1,Night,NO-M07,OP-1084,PRD-1008,Hydraulic Cylinder H8,Finished Goods,SUP-03,Precision Forge,300,296,0,0,24,11.81,1534.83,1719507.47,4630.67,1736843.78,98.58,No,Completed,B-2601-986
PO-2026-00552,2026-01-30,PUNE-01,Pune,West,Line-1,Evening,PU-M07,OP-1066,PRD-1007,Motor Assembly M3,Assemblies,SUP-06,ElectroMotion Ltd,240,232,2,1,34,11.67,1096.65,913694.69,3407.14,929125.95,97.3,No,In Progress,B-2601-538
PO-2026-00591,2026-01-30,PUNE-01,Pune,West,Line-2,Morning,PU-M01,OP-1038,PRD-1005,Control Valve V5,Finished Goods,SUP-05,ValveWorks India,470,414,18,5,26,17.3,1211.51,1304675.51,8246.09,1330960.91,93.51,No,Completed,B-2601-978
PO-2026-00790,2026-01-31,PUNE-01,Pune,West,Line-2,Night,PU-M01,OP-1056,PRD-1003,Drive Shaft 600mm,Assemblies,SUP-03,Precision Forge,300,248,5,3,58,13.19,492.02,390266.23,5747.32,402311.44,96.46,No,Completed,B-2601-504
PO-2026-00851,2026-01-31,NOIDA-01,Noida,North,Line-3,Morning,NO-M07,OP-1077,PRD-1007,Motor Assembly M3,Assemblies,SUP-06,ElectroMotion Ltd,120,118,4,2,0,9.49,216.14,466819.81,3830.78,476993.73,94.34,No,Completed,B-2601-689
PO-2026-00153,2026-02-02,NOIDA-01,Noida,North,Line-1,Night,NO-M02,OP-1037,PRD-1007,Motor Assembly M3,Assemblies,SUP-06,ElectroMotion Ltd,430,410,0,0,26,16.03,1437.8,1165588.17,6373.32,1184712.52,98.31,No,Completed,B-2602-998
PO-2026-00268,2026-02-02,CHENNAI-01,Chennai,South,Line-1,Evening,CH-M12,OP-1034,PRD-1001,Steel Gear 40mm,Components,SUP-01,Bharat Metals,240,230,5,2,19,12.05,981.31,103340.52,3720.73,116360.23,96.56,No,Completed,B-2602-172
PO-2026-00699,2026-02-02,PUNE-01,Pune,West,Line-3,Night,PU-M03,OP-1074,PRD-1005,Control Valve V5,Finished Goods,SUP-05,ValveWorks India,300,307,6,2,91,13.79,1452.8,877395.06,3865.21,895551.74,96.2,Yes,Completed,B-2602-933
PO-2026-00108,2026-02-03,NOIDA-01,Noida,North,Line-4,Evening,NO-M01,OP-1082,PRD-1006,Bearing Set B12,Components,SUP-01,Bharat Metals,320,279,8,6,74,11.09,1606.73,90820.69,4965.38,109839.46,94.6,No,In Progress,B-2602-602
PO-2026-00305,2026-02-03,CHENNAI-01,Chennai,South,Line-3,Morning,CH-M01,OP-1076,PRD-1002,Aluminium Housing,Components,SUP-02,Nova Aluminium,440,350,6,3,17,12.5,1186.38,341256.4,5042.35,357283.91,95.84,Yes,Completed,B-2602-457
PO-2026-00600,2026-02-03,CHENNAI-01,Chennai,South,Line-1,Night,CH-M02,OP-1085,PRD-1002,Aluminium Housing,Components,SUP-02,Nova Aluminium,500,415,8,3,20,21.66,1068.5,308796.18,10035.56,330212.73,95.84,No,On Hold,B-2602-676
PO-2026-00271,2026-02-04,PUNE-01,Pune,West,Line-4,Morning,PU-M01,OP-1044,PRD-1006,Bearing Set B12,Components,SUP-01,Bharat Metals,390,361,14,5,74,13.92,1373.85,123437.29,4754.32,140764.65,93.07,Yes,Cancelled,B-2602-143
PO-2026-00334,2026-02-04,CHENNAI-01,Chennai,South,Line-4,Evening,CH-M04,OP-1027,PRD-1006,Bearing Set B12,Components,SUP-01,Bharat Metals,380,355,0,0,43,18.26,1598.15,102182.56,7325.0,121369.01,99.25,No,Completed,B-2602-467
PO-2026-00573,2026-02-04,CHENNAI-01,Chennai,South,Line-3,Evening,CH-M10,OP-1054,PRD-1001,Steel Gear 40mm,Components,SUP-01,Bharat Metals,250,181,11,4,29,12.51,441.29,63841.02,4994.5,73364.51,90.16,No,In Progress,B-2602-276
PO-2026-00728,2026-02-04,CHENNAI-01,Chennai,South,Line-2,Evening,CH-M10,OP-1014,PRD-1002,Aluminium Housing,Components,SUP-02,Nova Aluminium,90,73,3,1,11,3.62,416.88,51448.07,1260.15,56264.99,93.47,No,In Progress,B-2602-534
PO-2026-00850,2026-02-04,NOIDA-01,Noida,North,Line-2,Evening,NO-M06,OP-1073,PRD-1005,Control Valve V5,Finished Goods,SUP-05,ValveWorks India,390,325,14,8,60,12.45,973.52,1052744.8,5068.96,1080711.31,93.32,No,Completed,B-2602-502
PO-2026-00474,2026-02-05,NOIDA-01,Noida,North,Line-4,Night,NO-M03,OP-1060,PRD-1007,Motor Assembly M3,Assemblies,SUP-06,ElectroMotion Ltd,250,225,7,4,0,11.89,795.11,937049.11,5213.39,957171.79,93.9,No,On Hold,B-2602-396
PO-2026-00858,2026-02-05,PUNE-01,Pune,West,Line-2,Morning,PU-M03,OP-1020,PRD-1001,Steel Gear 40mm,Components,SUP-01,Bharat Metals,460,385,2,1,14,15.64,895.78,183104.82,6966.83,198502.7,98.04,No,In Progress,B-2602-332
PO-2026-00880,2026-02-05,CHENNAI-01,Chennai,South,Line-4,Night,CH-M02,OP-1028,PRD-1003,Drive Shaft 600mm,Assemblies,SUP-03,Precision Forge,360,319,0,0,43,11.21,778.76,436399.91,3662.92,445903.41,99.76,No,Completed,B-2602-335
PO-2026-00718,2026-02-06,CHENNAI-01,Chennai,South,Line-2,Night,CH-M11,OP-1009,PRD-1002,Aluminium Housing,Components,SUP-02,Nova Aluminium,430,430,4,2,43,17.05,1904.02,338652.07,7776.35,362195.45,98.35,No,Completed,B-2602-258
PO-2026-00175,2026-02-07,PUNE-01,Pune,West,Line-1,Night,PU-M07,OP-1075,PRD-1008,Hydraulic Cylinder H8,Finished Goods,SUP-03,Precision Forge,200,171,0,0,35,9.06,636.77,1040423.22,2780.76,1048487.53,99.05,No,On Hold,B-2602-899
PO-2026-00872,2026-02-07,CHENNAI-01,Chennai,South,Line-3,Night,CH-M02,OP-1051,PRD-1005,Control Valve V5,Finished Goods,SUP-05,ValveWorks India,340,291,4,3,38,12.42,1634.66,687909.55,5238.85,712940.54,96.65,No,On Hold,B-2602-703
PO-2026-00137,2026-02-08,PUNE-01,Pune,West,Line-1,Morning,PU-M02,OP-1022,PRD-1001,Steel Gear 40mm,Components,SUP-01,Bharat Metals,350,300,5,4,29,15.1,945.18,118261.77,7077.54,133575.64,96.28,No,Completed,B-2602-516
PO-2026-00768,2026-02-08,PUNE-01,Pune,West,Line-2,Night,PU-M10,OP-1012,PRD-1001,Steel Gear 40mm,Components,SUP-01,Bharat Metals,200,210,6,2,51,9.4,893.54,86683.91,3497.2,97870.51,94.43,Yes,Completed,B-2602-758
PO-2026-00906,2026-02-08,PUNE-01,Pune,West,Line-3,Night,PU-M05,OP-1046,PRD-1006,Bearing Set B12,Components,SUP-01,Bharat Metals,180,185,9,2,7,11.01,365.0,63618.96,5068.41,71756.89,92.21,No,Completed,B-2602-100
PO-2026-00214,2026-02-09,PUNE-01,Pune,West,Line-3,Evening,PU-M04,OP-1009,PRD-1003,Drive Shaft 600mm,Assemblies,SUP-03,Precision Forge,490,408,15,6,30,17.15,2004.51,604014.74,7150.32,631787.93,93.52,No,Completed,B-2602-213
PO-2026-00145,2026-02-10,NOIDA-01,Noida,North,Line-2,Evening,NO-M05,OP-1038,PRD-1002,Aluminium Housing,Components,SUP-02,Nova Aluminium,290,271,13,8,32,10.23,701.64,235897.99,4764.82,250989.42,92.88,No,Cancelled,B-2602-101
PO-2026-00562,2026-02-10,PUNE-01,Pune,West,Line-3,Morning,PU-M05,OP-1043,PRD-1003,Drive Shaft 600mm,Assemblies,SUP-03,Precision Forge,470,408,5,3,9,17.64,1420.52,459714.05,5866.55,481195.76,96.78,No,Cancelled,B-2602-422
PO-2026-00048,2026-02-11,NOIDA-01,Noida,North,Line-1,Night,NO-M09,OP-1042,PRD-1006,Bearing Set B12,Components,SUP-01,Bharat Metals,130,117,3,2,18,7.34,535.17,45236.34,3435.55,53079.68,95.99,No,Completed,B-2602-763
PO-2026-00403,2026-02-11,CHENNAI-01,Chennai,South,Line-1,Morning,CH-M08,OP-1083,PRD-1005,Control Valve V5,Finished Goods,SUP-05,ValveWorks India,460,383,8,5,79,15.62,2061.05,931916.77,6414.18,963498.57,96.86,Yes,Cancelled,B-2602-621
PO-2026-00578,2026-02-11,CHENNAI-01,Chennai,South,Line-3,Evening,CH-M03,OP-1033,PRD-1001,Steel Gear 40mm,Components,SUP-01,Bharat Metals,440,323,9,3,36,13.04,1134.15,142449.74,4336.59,156910.73,94.76,No,In Progress,B-2602-890
PO-2026-00863,2026-02-11,NOIDA-01,Noida,North,Line-4,Night,NO-M01,OP-1066,PRD-1008,Hydraulic Cylinder H8,Finished Goods,SUP-03,Precision Forge,250,229,2,1,55,9.51,1032.22,882580.69,3918.1,897614.8,98.08,No,Cancelled,B-2602-508
PO-2026-00208,2026-02-12,PUNE-01,Pune,West,Line-3,Night,PU-M10,OP-1026,PRD-1003,Drive Shaft 600mm,Assemblies,SUP-03,Precision Forge,110,101,4,3,17,8.3,293.82,134090.36,3668.63,142564.45,93.71,No,Cancelled,B-2602-764
PO-2026-00320,2026-02-12,NOIDA-01,Noida,North,Line-1,Morning,NO-M05,OP-1065,PRD-1004,Industrial Pump A2,Finished Goods,SUP-04,FlowTech Parts,320,274,0,0,37,14.94,870.63,1402300.06,7161.46,1417529.22,98.26,No,Completed,B-2602-504
PO-2026-00424,2026-02-12,CHENNAI-01,Chennai,South,Line-4,Night,CH-M12,OP-1068,PRD-1002,Aluminium Housing,Components,SUP-02,Nova Aluminium,180,143,5,3,53,8.36,386.48,117918.59,3330.81,125562.09,93.43,No,Completed,B-2602-403
PO-2026-00789,2026-02-12,PUNE-01,Pune,West,Line-4,Morning,PU-M03,OP-1072,PRD-1005,Control Valve V5,Finished Goods,SUP-05,ValveWorks India,480,431,7,5,77,19.52,2076.31,1134184.99,6502.68,1166636.99,97.45,Yes,Completed,B-2602-204
PO-2026-00626,2026-02-14,CHENNAI-01,Chennai,South,Line-3,Night,CH-M05,OP-1030,PRD-1001,Steel Gear 40mm,Components,SUP-01,Bharat Metals,350,317,0,0,64,12.17,718.69,119305.69,4228.63,128743.17,99.29,No,On Hold,B-2602-841
PO-2026-00998,2026-02-14,PUNE-01,Pune,West,Line-4,Morning,PU-M08,OP-1055,PRD-1007,Motor Assembly M3,Assemblies,SUP-06,ElectroMotion Ltd,110,89,3,1,27,6.89,425.24,233868.62,2377.83,241911.35,94.92,No,Completed,B-2602-789
PO-2026-00748,2026-02-16,CHENNAI-01,Chennai,South,Line-4,Night,CH-M09,OP-1064,PRD-1007,Motor Assembly M3,Assemblies,SUP-06,ElectroMotion Ltd,380,346,24,14,79,21.52,1056.05,1438391.24,6298.82,1484132.24,88.54,Yes,In Progress,B-2602-654
PO-2026-00961,2026-02-16,PUNE-01,Pune,West,Line-1,Night,PU-M08,OP-1071,PRD-1005,Control Valve V5,Finished Goods,SUP-05,ValveWorks India,470,372,25,12,36,21.78,1983.09,1246145.56,6981.08,1288467.48,89.33,No,On Hold,B-2602-718
PO-2026-00343,2026-02-17,NOIDA-01,Noida,North,Line-1,Night,NO-M04,OP-1059,PRD-1007,Motor Assembly M3,Assemblies,SUP-06,ElectroMotion Ltd,240,204,11,8,1,8.5,500.58,690629.8,3158.11,715818.16,91.53,No,Cancelled,B-2602-260
PO-2026-00173,2026-02-18,CHENNAI-01,Chennai,South,Line-3,Night,CH-M10,OP-1077,PRD-1001,Steel Gear 40mm,Components,SUP-01,Bharat Metals,430,372,14,8,0,13.08,1643.64,155150.08,5821.41,178054.49,,No,Cancelled,B-2602-472
PO-2026-00302,2026-02-18,PUNE-01,Pune,West,Line-4,Night,PU-M05,OP-1019,PRD-1004,Industrial Pump A2,Finished Goods,SUP-04,FlowTech Parts,350,313,3,2,11,12.38,1558.29,1279443.11,4644.55,1302835.14,97.93,No,Completed,B-2602-225
PO-2026-00272,2026-02-20,PUNE-01,Pune,West,Line-1,Morning,PU-M12,OP-1084,PRD-1004,Industrial Pump A2,Finished Goods,SUP-04,FlowTech Parts,490,419,3,2,21,13.25,1741.04,1403980.13,4085.21,1428565.19,98.15,No,Completed,B-2602-747
PO-2026-00995,2026-02-20,PUNE-01,Pune,West,Line-1,Morning,PU-M10,OP-1084,PRD-1005,Control Valve V5,Finished Goods,SUP-05,ValveWorks India,360,343,5,2,52,22.34,865.46,1120131.26,6644.76,1137557.11,97.64,No,Completed,B-2602-951
PO-2026-00017,2026-02-21,NOIDA-01,Noida,North,Line-1,Evening,NO-M01,OP-1061,PRD-1003,Drive Shaft 600mm,Assemblies,SUP-03,Precision Forge,230,160,9,2,92,6.88,946.41,242390.9,3041.99,254447.56,90.71,Yes,Completed,B-2602-304
PO-2026-00412,2026-02-21,CHENNAI-01,Chennai,South,Line-2,Evening,CH-M08,OP-1066,PRD-1002,Aluminium Housing,Components,SUP-02,Nova Aluminium,480,477,19,14,53,23.56,2305.25,379121.82,10716.75,418421.04,93.66,No,Cancelled,B-2602-645
PO-2026-00792,2026-02-22,PUNE-01,Pune,West,Line-3,Evening,PU-M03,OP-1034,PRD-1006,Bearing Set B12,Components,SUP-01,Bharat Metals,190,174,4,2,30,7.26,565.53,45184.01,2273.21,53083.78,96.28,No,Completed,B-2602-539
PO-2026-00833,2026-02-22,CHENNAI-01,Chennai,South,Line-2,Night,CH-M04,OP-1085,PRD-1001,Steel Gear 40mm,Components,SUP-01,Bharat Metals,490,431,33,17,76,24.29,1560.22,219953.21,11151.24,250636.19,88.38,Yes,Completed,B-2602-683
PO-2026-00338,2026-02-24,CHENNAI-01,Chennai,South,Line-2,Night,CH-M01,OP-1081,PRD-1006,Bearing Set B12,Components,SUP-01,Bharat Metals,90,67,2,1,63,3.57,239.05,25372.79,1309.53,28823.8,95.75,No,Cancelled,B-2602-996
PO-2026-00346,2026-02-24,CHENNAI-01,Chennai,South,Line-1,Night,CH-M09,OP-1011,PRD-1004,Industrial Pump A2,Finished Goods,SUP-04,FlowTech Parts,330,292,9,5,20,12.7,634.99,971280.39,5156.48,995736.7,,No,On Hold,B-2602-654
PO-2026-00154,2026-02-25,CHENNAI-01,Chennai,South,Line-4,Evening,CH-M06,OP-1003,PRD-1007,Motor Assembly M3,Assemblies,SUP-06,ElectroMotion Ltd,490,378,10,3,53,17.51,1633.35,1007943.59,8018.09,1035422.98,95.87,No,Completed,B-2602-418
PO-2026-00473,2026-02-25,PUNE-01,Pune,West,Line-4,Night,PU-M03,OP-1034,PRD-1003,Drive Shaft 600mm,Assemblies,SUP-03,Precision Forge,300,271,6,3,15,9.82,1531.57,427337.68,4472.31,447591.98,95.28,No,Completed,B-2602-439
PO-2026-00783,2026-02-25,CHENNAI-01,Chennai,South,Line-1,Night,CH-M08,OP-1002,PRD-1002,Aluminium Housing,Components,SUP-02,Nova Aluminium,170,162,7,3,43,8.67,513.78,143667.58,4104.45,153750.75,92.88,No,Completed,B-2602-269
PO-2026-00875,2026-02-27,CHENNAI-01,Chennai,South,Line-1,Morning,CH-M12,OP-1046,PRD-1006,Bearing Set B12,Components,SUP-01,Bharat Metals,380,322,8,2,42,16.1,1690.17,85769.34,6837.78,106034.2,96.42,No,Completed,B-2602-308
PO-2026-00039,2026-02-28,PUNE-01,Pune,West,Line-2,Evening,PU-M09,OP-1002,PRD-1004,Industrial Pump A2,Finished Goods,SUP-04,FlowTech Parts,410,414,1,0,5,18.07,1473.82,1458212.37,8576.55,1479374.63,99.23,No,Completed,B-2602-330
PO-2026-00099,2026-02-28,CHENNAI-01,Chennai,South,Line-3,Evening,CH-M03,OP-1069,PRD-1005,Control Valve V5,Finished Goods,SUP-05,ValveWorks India,110,96,2,1,0,4.44,305.06,246676.42,1708.92,252781.59,96.35,No,Completed,B-2602-407
PO-2026-00515,2026-02-28,PUNE-01,Pune,West,Line-4,Night,PU-M07,OP-1017,PRD-1004,Industrial Pump A2,Finished Goods,SUP-04,FlowTech Parts,80,71,2,1,43,4.03,227.95,343814.01,1327.73,349649.62,95.83,No,Completed,B-2602-982
PO-2026-00760,2026-02-28,PUNE-01,Pune,West,Line-1,Night,PU-M03,OP-1025,PRD-1001,Steel Gear 40mm,Components,SUP-01,Bharat Metals,160,131,5,3,50,8.24,384.16,59802.35,3634.47,67209.88,93.68,No,Completed,B-2602-304
PO-2026-00291,2026-03-02,CHENNAI-01,Chennai,South,Line-4,Morning,CH-M01,,PRD-1005,Control Valve V5,Finished Goods,SUP-05,ValveWorks India,180,121,0,0,65,5.33,349.88,386656.19,2544.16,391770.38,98.27,No,Completed,B-2603-524
PO-2026-00690,2026-03-02,PUNE-01,Pune,West,Line-2,Morning,PU-M05,OP-1023,PRD-1007,Motor Assembly M3,Assemblies,SUP-06,ElectroMotion Ltd,210,181,1,1,68,11.61,866.16,493564.55,3612.03,505814.34,97.54,No,In Progress,B-2603-445
PO-2026-00757,2026-03-02,CHENNAI-01,Chennai,South,Line-3,Morning,CH-M09,OP-1017,PRD-1008,Hydraulic Cylinder H8,Finished Goods,SUP-03,Precision Forge,250,235,2,1,32,10.17,944.79,1225282.48,4809.47,1241735.21,98.24,No,On Hold,B-2603-221
PO-2026-00134,2026-03-03,NOIDA-01,Noida,North,Line-3,Evening,NO-M02,OP-1071,PRD-1006,Bearing Set B12,Components,SUP-01,Bharat Metals,250,237,1,0,16,8.69,646.33,62445.77,3130.01,71476.37,97.85,No,Completed,B-2603-305
PO-2026-00170,2026-03-03,NOIDA-01,Noida,North,Line-4,Evening,NO-M01,OP-1009,PRD-1008,Hydraulic Cylinder H8,Finished Goods,SUP-03,Precision Forge,440,389,6,3,9,16.54,1771.55,2382691.08,5063.41,2413651.82,97.64,No,Completed,B-2603-112
PO-2026-00324,2026-03-03,PUNE-01,Pune,West,Line-4,Evening,PU-M11,OP-1035,PRD-1004,Industrial Pump A2,Finished Goods,SUP-04,FlowTech Parts,390,317,0,0,41,13.07,1093.13,1650008.41,5847.46,1664096.22,99.85,No,Completed,B-2603-437
PO-2026-00436,2026-03-03,PUNE-01,Pune,West,Line-1,Night,PU-M03,OP-1065,PRD-1003,Drive Shaft 600mm,Assemblies,SUP-03,Precision Forge,380,339,0,0,22,16.37,1082.34,478598.82,5522.48,492285.34,98.41,No,In Progress,B-2603-952
PO-2026-00103,2026-03-04,CHENNAI-01,Chennai,South,Line-2,Morning,CH-M12,OP-1070,PRD-1003,Drive Shaft 600mm,Assemblies,SUP-03,Precision Forge,200,193,7,4,23,7.86,999.61,266161.54,2972.02,279990.72,93.49,No,On Hold,B-2603-757
PO-2026-00178,2026-03-04,NOIDA-01,Noida,North,Line-3,Morning,NO-M09,OP-1005,PRD-1005,Control Valve V5,Finished Goods,SUP-05,ValveWorks India,350,327,1,0,20,18.65,863.07,747562.5,6291.08,760543.44,98.06,No,In Progress,B-2603-204
PO-2026-00371,2026-03-04,PUNE-01,Pune,West,Line-3,Evening,PU-M10,OP-1003,PRD-1008,Hydraulic Cylinder H8,Finished Goods,SUP-03,Precision Forge,360,314,15,6,42,12.09,1410.05,1367630.41,4414.59,1403642.09,91.94,No,Completed,B-2603-242
PO-2026-00503,2026-03-05,PUNE-01,Pune,West,Line-2,Morning,PU-M08,OP-1002,PRD-1003,Drive Shaft 600mm,Assemblies,SUP-03,Precision Forge,420,441,6,3,40,15.03,1019.69,571346.74,4654.49,586919.15,96.51,No,In Progress,B-2603-369
PO-2026-00070,2026-03-06,NOIDA-01,Noida,North,Line-1,Night,NO-M06,OP-1009,PRD-1008,Hydraulic Cylinder H8,Finished Goods,SUP-03,Precision Forge,120,125,6,3,0,9.37,345.97,604697.4,3775.75,620702.24,92.53,No,On Hold,B-2603-619
PO-2026-00645,2026-03-06,PUNE-01,Pune,West,Line-4,Morning,PU-M10,OP-1045,PRD-1001,Steel Gear 40mm,Components,SUP-01,Bharat Metals,410,366,18,6,40,19.37,1159.9,183157.9,8510.84,203141.55,92.4,No,Cancelled,B-2603-869
PO-2026-00960,2026-03-06,NOIDA-01,Noida,North,Line-3,Morning,NO-M12,OP-1024,PRD-1001,Steel Gear 40mm,Components,SUP-01,Bharat Metals,330,243,15,4,73,10.41,1425.12,92030.11,4743.13,109157.18,90.18,No,Completed,B-2603-221
PO-2026-00434,2026-03-08,NOIDA-01,Noida,North,Line-2,Evening,NO-M08,OP-1019,PRD-1004,Industrial Pump A2,Finished Goods,SUP-04,FlowTech Parts,130,114,3,2,66,8.89,691.54,387237.82,3110.34,402078.53,94.76,No,On Hold,B-2603-531
PO-2026-00632,2026-03-08,PUNE-01,Pune,West,Line-3,Morning,PU-M10,OP-1017,PRD-1006,Bearing Set B12,Components,SUP-01,Bharat Metals,370,347,0,0,22,15.0,1249.61,140463.11,5567.83,155571.86,98.91,No,Completed,B-2603-226
PO-2026-00307,2026-03-09,NOIDA-01,Noida,North,Line-2,Night,NO-M05,OP-1047,PRD-1007,Motor Assembly M3,Assemblies,SUP-06,ElectroMotion Ltd,250,221,12,6,71,10.33,873.14,648839.25,3918.65,673623.24,91.2,No,Completed,B-2603-608
PO-2026-00901,2026-03-09,NOIDA-01,Noida,North,Line-1,Evening,NO-M10,OP-1054,PRD-1006,Bearing Set B12,Components,SUP-01,Bharat Metals,450,439,20,14,59,14.55,938.32,154713.45,6857.48,171556.9,91.97,No,On Hold,B-2603-758
PO-2026-00980,2026-03-09,NOIDA-01,Noida,North,Line-1,Evening,NO-M10,OP-1026,PRD-1001,Steel Gear 40mm,Components,SUP-01,Bharat Metals,120,90,3,2,10,5.89,198.48,39547.1,2566.31,44504.29,94.1,No,In Progress,B-2603-955
PO-2026-00114,2026-03-10,CHENNAI-01,Chennai,South,Line-1,Morning,CH-M04,OP-1085,PRD-1002,Aluminium Housing,Components,SUP-02,Nova Aluminium,360,354,8,4,31,16.34,1632.97,321114.03,5750.14,343868.67,95.87,No,Completed,B-2603-762
PO-2026-00284,2026-03-10,CHENNAI-01,Chennai,South,Line-1,Morning,CH-M08,OP-1012,PRD-1001,Steel Gear 40mm,Components,SUP-01,Bharat Metals,120,97,4,2,70,5.21,429.64,52007.81,1929.76,57952.95,93.01,No,Completed,B-2603-395
PO-2026-00437,2026-03-10,NOIDA-01,Noida,North,Line-4,Morning,NO-M12,OP-1072,PRD-1008,Hydraulic Cylinder H8,Finished Goods,SUP-03,Precision Forge,430,358,4,1,32,11.59,789.7,2173861.49,4967.79,2188395.76,98.33,No,Completed,B-2603-936
PO-2026-00904,2026-03-10,NOIDA-01,Noida,North,Line-3,Evening,NO-M05,OP-1010,PRD-1005,Control Valve V5,Finished Goods,SUP-05,ValveWorks India,120,108,0,0,29,6.87,545.91,319883.49,2607.89,327093.47,98.77,No,Completed,B-2603-921
PO-2026-00408,2026-03-12,NOIDA-01,Noida,North,Line-3,Evening,NO-M07,OP-1004,PRD-1003,Drive Shaft 600mm,Assemblies,SUP-03,Precision Forge,420,386,19,7,41,15.53,1819.97,533756.23,5936.89,559211.22,91.63,No,Completed,B-2603-179
PO-2026-00802,2026-03-12,PUNE-01,Pune,West,Line-1,Evening,PU-M09,OP-1045,PRD-1003,Drive Shaft 600mm,Assemblies,SUP-03,Precision Forge,150,136,3,2,42,9.3,519.37,162959.89,3699.06,172484.31,95.56,No,Cancelled,B-2603-272
PO-2026-00807,2026-03-12,CHENNAI-01,Chennai,South,Line-1,Morning,CH-M11,OP-1084,PRD-1003,Drive Shaft 600mm,Assemblies,SUP-03,Precision Forge,250,262,10,5,36,9.22,1047.38,269152.59,3693.1,285000.37,93.39,No,Cancelled,B-2603-785
PO-2026-00713,2026-03-14,CHENNAI-01,Chennai,South,Line-1,Morning,CH-M01,OP-1004,PRD-1004,Industrial Pump A2,Finished Goods,SUP-04,FlowTech Parts,160,133,1,1,44,10.01,558.53,522516.62,3132.4,532739.96,97.42,No,Cancelled,B-2603-124
PO-2026-00419,2026-03-16,PUNE-01,Pune,West,Line-1,Morning,PU-M07,OP-1053,PRD-1008,Hydraulic Cylinder H8,Finished Goods,SUP-03,Precision Forge,140,113,5,3,27,5.37,269.22,696677.04,2501.45,710924.37,92.7,No,Cancelled,B-2603-748
PO-2026-00983,2026-03-16,PUNE-01,Pune,West,Line-4,Night,PU-M01,OP-1065,PRD-1003,Drive Shaft 600mm,Assemblies,SUP-03,Precision Forge,350,282,1,0,31,16.16,919.07,362633.09,6539.72,377057.07,98.83,No,In Progress,B-2603-408
PO-2026-00624,2026-03-17,PUNE-01,Pune,West,Line-3,Night,PU-M08,OP-1048,PRD-1008,Hydraulic Cylinder H8,Finished Goods,SUP-03,Precision Forge,80,80,2,1,60,6.14,401.18,487335.57,2418.18,496469.02,95.93,No,In Progress,B-2603-420
PO-2026-00010,2026-03-18,CHENNAI-01,Chennai,South,Line-4,Morning,CH-M05,OP-1060,PRD-1007,Motor Assembly M3,Assemblies,SUP-06,ElectroMotion Ltd,340,247,11,6,102,7.85,883.56,986274.98,2588.39,1008614.74,92.96,Yes,Completed,B-2603-995
PO-2026-00784,2026-03-18,NOIDA-01,Noida,North,Line-3,Morning,NO-M09,OP-1011,PRD-1003,Drive Shaft 600mm,Assemblies,SUP-03,Precision Forge,90,80,2,1,48,5.75,199.25,120069.42,2369.87,124985.38,95.36,No,Cancelled,B-2603-818
PO-2026-00561,2026-03-19,NOIDA-01,Noida,North,Line-2,Night,NO-M11,OP-1020,PRD-1005,Control Valve V5,Finished Goods,SUP-05,ValveWorks India,140,117,1,0,66,6.77,343.46,291430.67,2613.76,296595.11,98.26,No,Completed,B-2603-884
PO-2026-00993,2026-03-20,CHENNAI-01,Chennai,South,Line-1,Night,CH-M09,OP-1035,PRD-1001,Steel Gear 40mm,Components,SUP-01,Bharat Metals,410,402,13,7,20,14.25,2295.49,175923.33,6252.14,201393.64,94.05,No,Completed,B-2603-774
PO-2026-00184,2026-03-22,NOIDA-01,Noida,North,Line-4,Evening,NO-M06,OP-1003,PRD-1002,Aluminium Housing,Components,SUP-02,Nova Aluminium,170,169,7,2,71,10.22,491.69,155268.83,4723.66,164988.6,93.39,No,Completed,B-2603-647
PO-2026-00464,2026-03-23,PUNE-01,Pune,West,Line-1,Evening,PU-M06,OP-1079,PRD-1003,Drive Shaft 600mm,Assemblies,SUP-03,Precision Forge,130,121,9,4,76,7.32,724.69,138625.97,3198.76,150509.15,87.88,Yes,In Progress,B-2603-376
PO-2026-00798,2026-03-23,CHENNAI-01,Chennai,South,Line-2,Morning,CH-M09,OP-1078,PRD-1003,Drive Shaft 600mm,Assemblies,SUP-03,Precision Forge,80,79,0,0,14,4.71,289.53,79381.69,1743.29,83816.62,98.62,Yes,Completed,B-2603-348
PO-2026-00259,2026-03-24,PUNE-01,Pune,West,Line-4,Night,PU-M04,OP-1065,PRD-1002,Aluminium Housing,Components,SUP-02,Nova Aluminium,160,134,0,0,18,6.59,523.81,104341.41,2313.49,110640.43,98.91,No,On Hold,B-2603-690
PO-2026-00454,2026-03-24,PUNE-01,Pune,West,Line-2,Evening,PU-M04,OP-1069,PRD-1003,Drive Shaft 600mm,Assemblies,SUP-03,Precision Forge,90,75,1,1,7,3.62,360.78,103099.27,1576.57,108244.03,96.96,No,Cancelled,B-2603-898
PO-2026-00780,2026-03-24,CHENNAI-01,Chennai,South,Line-3,Night,CH-M10,OP-1004,PRD-1007,Motor Assembly M3,Assemblies,SUP-06,ElectroMotion Ltd,170,170,6,3,3,8.01,629.66,711190.64,2888.38,725712.08,94.5,No,Completed,B-2603-151
PO-2026-00944,2026-03-24,CHENNAI-01,Chennai,South,Line-3,Morning,CH-M05,OP-1070,PRD-1001,Steel Gear 40mm,Components,SUP-01,Bharat Metals,110,86,4,3,39,5.65,491.5,40764.91,2407.31,47710.27,93.13,No,In Progress,B-2603-376
PO-2026-00251,2026-03-28,NOIDA-01,Noida,North,Line-3,Night,NO-M08,OP-1007,PRD-1002,Aluminium Housing,Components,SUP-02,Nova Aluminium,250,233,12,6,52,12.58,731.04,203768.13,4235.1,216705.47,92.66,No,In Progress,B-2603-791
PO-2026-00607,2026-03-29,NOIDA-01,Noida,North,Line-4,Evening,NO-M03,OP-1038,PRD-1001,Steel Gear 40mm,Components,SUP-01,Bharat Metals,500,404,18,7,84,17.6,1343.52,218538.24,6160.41,236974.06,92.6,Yes,On Hold,B-2603-165
PO-2026-00967,2026-03-30,NOIDA-01,Noida,North,Line-2,Evening,NO-M02,OP-1001,PRD-1006,Bearing Set B12,Components,SUP-01,Bharat Metals,120,115,3,2,0,7.79,610.64,35333.3,3327.58,44611.24,94.74,No,Completed,B-2603-322
PO-2026-00664,2026-03-31,CHENNAI-01,Chennai,South,Line-4,Evening,CH-M10,OP-1027,PRD-1003,Drive Shaft 600mm,Assemblies,SUP-03,Precision Forge,320,308,0,0,50,10.86,1407.02,468688.11,3784.25,482667.03,99.09,No,Cancelled,B-2603-179
PO-2026-00827,2026-03-31,CHENNAI-01,Chennai,South,Line-4,Night,CH-M12,OP-1040,PRD-1001,Steel Gear 40mm,Components,SUP-01,Bharat Metals,330,327,5,2,11,16.33,1673.37,150324.37,5660.98,171426.32,97.67,No,Cancelled,B-2603-714
PO-2026-00996,2026-03-31,PUNE-01,Pune,West,Line-1,Night,PU-M04,OP-1079,PRD-1003,Drive Shaft 600mm,Assemblies,SUP-03,Precision Forge,340,288,10,7,25,15.11,1638.05,318429.92,4432.53,343426.45,93.97,No,Cancelled,B-2603-878
PO-2026-00616,2026-04-01,PUNE-01,Pune,West,Line-4,Night,PU-M10,OP-1045,PRD-1001,Steel Gear 40mm,Components,SUP-01,Bharat Metals,160,151,2,1,53,7.29,890.54,66199.56,2875.05,76649.91,98.11,No,Completed,B-2604-478
PO-2026-00141,2026-04-02,PUNE-01,Pune,West,Line-1,Evening,PU-M12,OP-1046,PRD-1001,Steel Gear 40mm,Components,SUP-01,Bharat Metals,470,403,8,4,21,22.81,953.34,214802.19,8785.56,232922.71,95.78,No,In Progress,B-2604-452
PO-2026-00157,2026-04-02,PUNE-01,Pune,West,Line-2,Evening,PU-M11,OP-1053,PRD-1008,Hydraulic Cylinder H8,Finished Goods,SUP-03,Precision Forge,450,396,13,9,11,21.07,799.28,2244162.93,6802.74,2285774.71,95.0,No,Cancelled,B-2604-109
PO-2026-00941,2026-04-02,CHENNAI-01,Chennai,South,Line-2,Evening,CH-M06,OP-1046,PRD-1003,Drive Shaft 600mm,Assemblies,SUP-03,Precision Forge,320,276,10,4,22,17.65,1021.48,350932.07,7830.74,371025.94,94.88,No,Completed,B-2604-214
PO-2026-00147,2026-04-03,PUNE-01,Pune,West,Line-4,Night,PU-M11,OP-1029,PRD-1005,Control Valve V5,Finished Goods,SUP-05,ValveWorks India,210,193,5,1,38,10.7,1123.31,523724.13,3806.44,538700.28,96.19,No,Completed,B-2604-918
PO-2026-00781,2026-04-03,NOIDA-01,Noida,North,Line-1,Evening,NO-M04,OP-1009,PRD-1008,Hydraulic Cylinder H8,Finished Goods,SUP-03,Precision Forge,500,473,26,10,0,24.12,1895.85,2437780.78,10130.08,2496361.9,91.05,No,Completed,B-2604-143
PO-2026-00903,2026-04-04,PUNE-01,Pune,West,Line-4,Evening,PU-M11,OP-1061,PRD-1005,Control Valve V5,Finished Goods,SUP-05,ValveWorks India,470,425,17,6,0,20.42,1846.99,1287337.79,9338.45,1322723.61,93.31,No,On Hold,B-2604-521
PO-2026-00265,2026-04-05,CHENNAI-01,Chennai,South,Line-2,Night,CH-M11,OP-1076,PRD-1006,Bearing Set B12,Components,SUP-01,Bharat Metals,410,357,17,12,34,17.16,1881.97,106585.97,5142.09,130549.44,92.63,No,On Hold,B-2604-445
PO-2026-00711,2026-04-05,CHENNAI-01,Chennai,South,Line-2,Morning,CH-M04,OP-1069,PRD-1003,Drive Shaft 600mm,Assemblies,SUP-03,Precision Forge,470,379,6,4,54,14.67,1000.12,552973.5,5471.52,569136.16,96.74,No,Completed,B-2604-673
PO-2026-00945,2026-04-05,PUNE-01,Pune,West,Line-1,Evening,PU-M06,OP-1001,PRD-1003,Drive Shaft 600mm,Assemblies,SUP-03,Precision Forge,150,158,2,1,50,5.92,341.06,227720.1,2239.73,233942.37,97.96,No,Completed,B-2604-102
PO-2026-00563,2026-04-06,CHENNAI-01,Chennai,South,Line-3,Evening,CH-M01,OP-1042,PRD-1007,Motor Assembly M3,Assemblies,SUP-06,ElectroMotion Ltd,440,420,11,8,13,20.17,2402.56,1106868.48,8488.9,1151118.44,95.04,No,In Progress,B-2604-433
PO-2026-00610,2026-04-06,NOIDA-01,Noida,North,Line-4,Evening,NO-M03,OP-1048,PRD-1004,Industrial Pump A2,Finished Goods,SUP-04,FlowTech Parts,390,325,5,4,38,15.75,803.91,1302065.08,4864.88,1324764.88,97.53,No,In Progress,B-2604-924
PO-2026-00688,2026-04-06,PUNE-01,Pune,West,Line-3,Night,PU-M11,OP-1007,PRD-1007,Motor Assembly M3,Assemblies,SUP-06,ElectroMotion Ltd,80,56,2,1,52,5.83,246.63,191118.14,2743.13,198238.16,93.85,No,On Hold,B-2604-318
PO-2026-00554,2026-04-07,NOIDA-01,Noida,North,Line-3,Evening,NO-M12,OP-1057,PRD-1005,Control Valve V5,Finished Goods,SUP-05,ValveWorks India,440,399,12,4,0,15.11,2122.95,1196068.19,5157.53,1226784.27,94.77,No,Completed,B-2604-861
PO-2026-00776,2026-04-08,CHENNAI-01,Chennai,South,Line-3,Evening,CH-M07,,PRD-1007,Motor Assembly M3,Assemblies,SUP-06,ElectroMotion Ltd,270,223,3,2,54,8.69,693.79,920673.67,2869.93,934163.42,97.87,No,On Hold,B-2604-160
PO-2026-00800,2026-04-08,CHENNAI-01,Chennai,South,Line-3,Night,CH-M09,OP-1082,PRD-1008,Hydraulic Cylinder H8,Finished Goods,SUP-03,Precision Forge,500,397,11,7,66,15.29,899.41,2183431.53,4586.74,2217526.11,94.37,No,Completed,B-2604-106
PO-2026-00174,2026-04-09,PUNE-01,Pune,West,Line-4,Morning,PU-M05,OP-1079,PRD-1002,Aluminium Housing,Components,SUP-02,Nova Aluminium,500,461,19,13,0,14.24,1792.34,288705.1,4454.71,313215.97,92.94,No,Completed,B-2604-972
PO-2026-00506,2026-04-10,CHENNAI-01,Chennai,South,Line-3,Evening,CH-M07,OP-1041,PRD-1006,Bearing Set B12,Components,SUP-01,Bharat Metals,360,345,18,7,17,12.01,1305.64,116714.77,4624.32,133694.04,91.03,No,Completed,B-2604-142
PO-2026-00569,2026-04-10,NOIDA-01,Noida,North,Line-3,Night,NO-M10,OP-1020,PRD-1007,Motor Assembly M3,Assemblies,SUP-06,ElectroMotion Ltd,90,85,1,0,17,4.93,453.26,326541.06,1905.31,332361.61,97.99,No,Completed,B-2604-311
PO-2026-00883,2026-04-11,NOIDA-01,Noida,North,Line-4,Night,NO-M11,OP-1064,PRD-1003,Drive Shaft 600mm,Assemblies,SUP-03,Precision Forge,180,154,6,3,29,6.57,806.59,203417.03,2798.36,216191.09,93.05,No,Completed,B-2604-523
PO-2026-00215,2026-04-12,NOIDA-01,Noida,North,Line-2,Evening,NO-M07,OP-1040,PRD-1008,Hydraulic Cylinder H8,Finished Goods,SUP-03,Precision Forge,250,202,4,3,27,14.87,598.97,981577.34,4188.0,999751.78,97.2,No,In Progress,B-2604-480
PO-2026-00641,2026-04-12,NOIDA-01,Noida,North,Line-1,Evening,NO-M12,OP-1037,PRD-1005,Control Valve V5,Finished Goods,SUP-05,ValveWorks India,250,221,14,5,76,10.65,465.57,591917.1,3354.8,607300.09,89.52,Yes,Cancelled,B-2604-590
PO-2026-00365,2026-04-13,PUNE-01,Pune,West,Line-4,Night,PU-M04,OP-1006,PRD-1006,Bearing Set B12,Components,SUP-01,Bharat Metals,310,232,20,14,0,7.72,551.63,88686.84,2457.56,98564.11,87.26,No,On Hold,B-2604-293
PO-2026-00375,2026-04-13,CHENNAI-01,Chennai,South,Line-2,Evening,CH-M11,OP-1069,PRD-1005,Control Valve V5,Finished Goods,SUP-05,ValveWorks India,330,269,8,6,0,10.61,1464.26,756107.31,3805.92,783897.31,95.4,No,Completed,B-2604-814
PO-2026-00558,2026-04-13,PUNE-01,Pune,West,Line-4,Evening,PU-M02,OP-1069,PRD-1001,Steel Gear 40mm,Components,SUP-01,Bharat Metals,460,402,16,10,53,16.06,2195.49,164397.34,5164.04,189417.16,93.06,No,Completed,B-2604-426
PO-2026-00118,2026-04-14,PUNE-01,Pune,West,Line-3,Night,PU-M10,OP-1011,PRD-1005,Control Valve V5,Finished Goods,SUP-05,ValveWorks India,500,465,11,6,77,18.37,1960.3,1472739.36,7411.79,1508169.69,95.42,Yes,Cancelled,B-2604-237
PO-2026-00121,2026-04-14,NOIDA-01,Noida,North,Line-2,Evening,NO-M01,OP-1058,PRD-1008,Hydraulic Cylinder H8,Finished Goods,SUP-03,Precision Forge,430,388,9,7,0,16.72,1877.93,1683559.24,6103.32,1728519.35,95.58,No,Completed,B-2604-549
PO-2026-00603,2026-04-14,PUNE-01,Pune,West,Line-2,Evening,PU-M04,OP-1048,PRD-1004,Industrial Pump A2,Finished Goods,SUP-04,FlowTech Parts,280,253,8,2,56,8.56,1195.32,831259.39,2808.34,850273.66,94.08,No,In Progress,B-2604-145
PO-2026-00693,2026-04-14,CHENNAI-01,Chennai,South,Line-2,Morning,CH-M10,OP-1067,PRD-1006,Bearing Set B12,Components,SUP-01,Bharat Metals,490,508,18,10,0,30.69,1671.4,190554.66,8638.85,214521.5,94.21,No,Completed,B-2604-707
PO-2026-00517,2026-04-15,PUNE-01,Pune,West,Line-3,Night,PU-M12,OP-1014,PRD-1002,Aluminium Housing,Components,SUP-02,Nova Aluminium,240,203,5,2,76,9.61,643.6,162397.11,3425.79,172878.05,95.24,Yes,In Progress,B-2604-329
PO-2026-00981,2026-04-15,PUNE-01,Pune,West,Line-3,Evening,PU-M01,OP-1021,PRD-1005,Control Valve V5,Finished Goods,SUP-05,ValveWorks India,250,234,12,4,22,12.26,1353.93,488090.98,3977.86,510423.58,91.49,No,On Hold,B-2604-846
PO-2026-00018,2026-04-17,CHENNAI-01,Chennai,South,Line-1,Morning,CH-M05,OP-1023,PRD-1005,Control Valve V5,Finished Goods,SUP-05,ValveWorks India,220,205,10,4,0,9.9,1003.13,560594.05,4117.45,580725.9,92.57,No,Completed,B-2604-139
PO-2026-00217,2026-04-17,NOIDA-01,Noida,North,Line-1,Night,NO-M04,OP-1015,PRD-1002,Aluminium Housing,Components,SUP-02,Nova Aluminium,410,348,0,0,27,19.62,1677.36,227956.48,7381.94,248518.09,99.35,No,In Progress,B-2604-432
PO-2026-00876,2026-04-18,CHENNAI-01,Chennai,South,Line-2,Morning,CH-M05,OP-1047,PRD-1007,Motor Assembly M3,Assemblies,SUP-06,ElectroMotion Ltd,300,236,5,2,29,10.84,1239.94,825827.27,3967.97,845261.92,95.37,No,Completed,B-2604-365
PO-2026-00004,2026-04-19,CHENNAI-01,Chennai,South,Line-3,Morning,CH-M11,OP-1064,PRD-1005,Control Valve V5,Finished Goods,SUP-05,ValveWorks India,480,413,5,2,49,13.55,2134.49,1071858.52,3973.37,1098953.19,97.28,No,Cancelled,B-2604-569
PO-2026-00318,2026-04-19,PUNE-01,Pune,West,Line-4,Morning,PU-M04,OP-1027,PRD-1005,Control Valve V5,Finished Goods,SUP-05,ValveWorks India,180,178,6,3,51,12.36,469.09,373295.53,4760.67,387429.25,93.61,No,Completed,B-2604-394
PO-2026-00329,2026-04-19,PUNE-01,Pune,West,Line-3,Night,PU-M02,OP-1056,PRD-1003,Drive Shaft 600mm,Assemblies,SUP-03,Precision Forge,330,296,6,4,67,11.28,1516.4,458198.05,4985.77,478096.04,97.02,No,Completed,B-2604-504
PO-2026-00630,2026-04-19,NOIDA-01,Noida,North,Line-4,Night,NO-M03,OP-1035,PRD-1005,Control Valve V5,Finished Goods,SUP-05,ValveWorks India,120,93,3,2,9,5.38,484.89,222861.08,2187.58,232353.93,94.0,No,In Progress,B-2604-421
PO-2026-00720,2026-04-19,PUNE-01,Pune,West,Line-2,Evening,PU-M04,OP-1003,PRD-1007,Motor Assembly M3,Assemblies,SUP-06,ElectroMotion Ltd,260,260,4,1,32,9.16,793.41,755243.22,4009.62,768394.12,97.18,No,In Progress,B-2604-486
PO-2026-00097,2026-04-20,NOIDA-01,Noida,North,Line-1,Morning,NO-M10,,PRD-1007,Motor Assembly M3,Assemblies,SUP-06,ElectroMotion Ltd,420,394,6,2,22,14.39,773.09,1416530.95,6723.69,1434672.97,97.43,No,Cancelled,B-2604-820
PO-2026-00216,2026-04-20,NOIDA-01,Noida,North,Line-2,Evening,NO-M08,OP-1032,PRD-1001,Steel Gear 40mm,Components,SUP-01,Bharat Metals,290,289,11,4,53,14.56,1164.5,154719.91,4805.03,170034.9,94.65,No,Completed,B-2604-303
PO-2026-00765,2026-04-20,NOIDA-01,Noida,North,Line-4,Morning,NO-M03,OP-1074,PRD-1008,Hydraulic Cylinder H8,Finished Goods,SUP-03,Precision Forge,220,209,5,2,53,8.65,1199.41,1152603.95,2623.51,1172590.29,95.56,No,Completed,B-2604-265
PO-2026-00351,2026-04-21,NOIDA-01,Noida,North,Line-1,Evening,NO-M02,OP-1051,PRD-1005,Control Valve V5,Finished Goods,SUP-05,ValveWorks India,490,435,19,10,38,14.64,1416.48,1231963.43,5593.44,1265222.27,92.55,No,Completed,B-2604-842
PO-2026-00762,2026-04-21,CHENNAI-01,Chennai,South,Line-4,Night,CH-M09,OP-1031,PRD-1005,Control Valve V5,Finished Goods,SUP-05,ValveWorks India,310,257,5,2,40,14.9,507.63,564148.73,6605.67,578829.05,95.94,No,In Progress,B-2604-154
PO-2026-00045,2026-04-22,CHENNAI-01,Chennai,South,Line-3,Morning,CH-M11,OP-1051,PRD-1003,Drive Shaft 600mm,Assemblies,SUP-03,Precision Forge,120,112,0,0,12,8.41,296.02,143610.89,2753.78,148868.48,98.97,No,On Hold,B-2604-985
PO-2026-00723,2026-04-23,NOIDA-01,Noida,North,Line-1,Night,NO-M09,OP-1064,PRD-1002,Aluminium Housing,Components,SUP-02,Nova Aluminium,420,383,15,9,116,15.16,1768.81,238908.74,5477.75,261824.68,94.38,Yes,Completed,B-2604-498
PO-2026-00458,2026-04-24,NOIDA-01,Noida,North,Line-2,Night,NO-M08,OP-1056,PRD-1008,Hydraulic Cylinder H8,Finished Goods,SUP-03,Precision Forge,350,282,7,2,43,16.2,1524.34,1339902.17,6427.02,1366244.76,95.96,No,In Progress,B-2604-710
PO-2026-00438,2026-04-25,CHENNAI-01,Chennai,South,Line-3,Morning,CH-M09,OP-1014,PRD-1006,Bearing Set B12,Components,SUP-01,Bharat Metals,490,393,0,0,26,14.48,1020.41,105536.39,5801.24,120585.14,99.95,No,On Hold,B-2604-111
PO-2026-00038,2026-04-27,CHENNAI-01,Chennai,South,Line-1,Evening,CH-M09,OP-1001,PRD-1007,Motor Assembly M3,Assemblies,SUP-06,ElectroMotion Ltd,290,255,8,3,24,12.21,1145.4,976631.04,3508.41,995118.23,95.15,No,On Hold,B-2604-573
PO-2026-00657,2026-04-27,NOIDA-01,Noida,North,Line-1,Evening,NO-M11,OP-1035,PRD-1008,Hydraulic Cylinder H8,Finished Goods,SUP-03,Precision Forge,320,235,1,1,40,11.19,568.12,1282608.7,5315.76,1295865.78,98.29,No,Completed,B-2604-708
PO-2026-00293,2026-04-29,PUNE-01,Pune,West,Line-1,Evening,PU-M09,OP-1074,PRD-1005,Control Valve V5,Finished Goods,SUP-05,ValveWorks India,340,350,8,5,66,16.47,1495.97,944084.88,6048.01,970415.2,95.57,Yes,Completed,B-2604-266
PO-2026-00421,2026-04-29,CHENNAI-01,Chennai,South,Line-3,Morning,CH-M11,OP-1036,PRD-1002,Aluminium Housing,Components,SUP-02,Nova Aluminium,350,368,6,2,67,22.79,1957.94,326955.9,8028.39,353451.15,96.77,No,In Progress,B-2604-189
PO-2026-00158,2026-05-01,PUNE-01,Pune,West,Line-3,Night,PU-M09,OP-1080,PRD-1003,Drive Shaft 600mm,Assemblies,SUP-03,Precision Forge,460,422,5,3,18,14.59,1963.59,647407.12,6570.13,672565.42,97.95,No,Completed,B-2605-107
PO-2026-00237,2026-05-01,PUNE-01,Pune,West,Line-3,Evening,PU-M04,OP-1055,PRD-1003,Drive Shaft 600mm,Assemblies,SUP-03,Precision Forge,200,194,13,9,42,11.66,520.15,212467.79,5491.16,229609.22,89.51,No,Completed,B-2605-722
PO-2026-00374,2026-05-02,PUNE-01,Pune,West,Line-4,Evening,PU-M08,OP-1074,PRD-1005,Control Valve V5,Finished Goods,SUP-05,ValveWorks India,450,418,22,11,32,22.94,1519.9,1194409.98,7555.7,1233066.2,91.61,Yes,Completed,B-2605-394
PO-2026-00394,2026-05-02,NOIDA-01,Noida,North,Line-4,Night,NO-M10,OP-1011,PRD-1007,Motor Assembly M3,Assemblies,SUP-06,ElectroMotion Ltd,500,486,36,26,47,15.24,1585.73,1898210.63,5259.4,1972857.3,88.54,No,In Progress,B-2605-774
PO-2026-00447,2026-05-02,NOIDA-01,Noida,North,Line-3,Morning,NO-M03,OP-1059,PRD-1003,Drive Shaft 600mm,Assemblies,SUP-03,Precision Forge,350,351,8,5,9,12.96,1574.75,415865.01,6185.47,440754.19,95.47,No,In Progress,B-2605-985
PO-2026-00468,2026-05-03,NOIDA-01,Noida,North,Line-4,Morning,NO-M05,OP-1025,PRD-1008,Hydraulic Cylinder H8,Finished Goods,SUP-03,Precision Forge,300,262,17,5,33,11.29,1014.55,1034315.64,3776.71,1061540.43,89.75,No,On Hold,B-2605-382
PO-2026-00622,2026-05-03,PUNE-01,Pune,West,Line-2,Night,PU-M02,OP-1010,PRD-1008,Hydraulic Cylinder H8,Finished Goods,SUP-03,Precision Forge,460,395,2,1,47,16.82,1433.89,1584042.8,7986.78,1606369.06,97.71,No,Completed,B-2605-874
PO-2026-00726,2026-05-04,CHENNAI-01,Chennai,South,Line-1,Morning,CH-M05,OP-1005,PRD-1001,Steel Gear 40mm,Components,SUP-01,Bharat Metals,450,472,34,12,39,15.23,1278.51,177438.26,4995.87,195856.96,89.31,No,Cancelled,B-2605-401
PO-2026-00087,2026-05-05,NOIDA-01,Noida,North,Line-3,Evening,NO-M12,OP-1027,PRD-1007,Motor Assembly M3,Assemblies,SUP-06,ElectroMotion Ltd,280,237,1,1,70,9.75,1213.57,802126.1,4596.81,818375.52,98.87,No,In Progress,B-2605-424
PO-2026-00072,2026-05-06,NOIDA-01,Noida,North,Line-3,Morning,NO-M11,OP-1025,PRD-1003,Drive Shaft 600mm,Assemblies,SUP-03,Precision Forge,160,161,6,3,56,7.88,430.87,250723.64,3018.64,260249.65,93.81,No,Completed,B-2605-986
PO-2026-00078,2026-05-06,NOIDA-01,Noida,North,Line-2,Evening,NO-M09,OP-1008,PRD-1007,Motor Assembly M3,Assemblies,SUP-06,ElectroMotion Ltd,340,311,6,4,19,12.43,1413.58,1249993.52,5420.13,1276261.11,96.97,No,On Hold,B-2605-256
PO-2026-00712,2026-05-06,CHENNAI-01,Chennai,South,Line-1,Evening,CH-M05,OP-1043,PRD-1003,Drive Shaft 600mm,Assemblies,SUP-03,Precision Forge,110,85,3,1,75,7.86,368.17,129827.41,2580.43,136328.49,94.45,No,Completed,B-2605-145
PO-2026-00809,2026-05-06,PUNE-01,Pune,West,Line-2,Night,PU-M08,OP-1021,PRD-1005,Control Valve V5,Finished Goods,SUP-05,ValveWorks India,360,302,9,6,28,10.63,1725.05,695887.43,3257.46,722733.45,94.83,No,Completed,B-2605-681
PO-2026-00088,2026-05-07,CHENNAI-01,Chennai,South,Line-4,Night,CH-M05,OP-1062,PRD-1005,Control Valve V5,Finished Goods,SUP-05,ValveWorks India,260,255,11,5,30,10.24,1453.18,625467.2,3456.27,650331.97,93.34,No,On Hold,B-2605-377
PO-2026-00189,2026-05-07,CHENNAI-01,Chennai,South,Line-1,Night,CH-M10,OP-1052,PRD-1008,Hydraulic Cylinder H8,Finished Goods,SUP-03,Precision Forge,300,238,11,3,43,13.56,1290.58,1322700.84,5496.19,1349109.57,91.92,No,Completed,B-2605-137
PO-2026-00358,2026-05-07,CHENNAI-01,Chennai,South,Line-4,Morning,CH-M11,OP-1058,PRD-1001,Steel Gear 40mm,Components,SUP-01,Bharat Metals,450,425,0,0,38,20.94,2421.55,220818.24,8039.6,247554.23,99.87,No,Completed,B-2605-162
PO-2026-00791,2026-05-07,PUNE-01,Pune,West,Line-2,Morning,PU-M12,OP-1053,PRD-1008,Hydraulic Cylinder H8,Finished Goods,SUP-03,Precision Forge,460,399,8,3,9,21.39,1660.14,2209186.33,7519.64,2240973.26,96.11,No,Completed,B-2605-586
PO-2026-00759,2026-05-08,PUNE-01,Pune,West,Line-2,Evening,PU-M08,OP-1082,PRD-1004,Industrial Pump A2,Finished Goods,SUP-04,FlowTech Parts,480,397,11,4,12,13.91,1329.53,2101743.27,5259.73,2128956.88,94.59,No,Cancelled,B-2605-399
PO-2026-00270,2026-05-09,PUNE-01,Pune,West,Line-2,Night,PU-M01,OP-1050,PRD-1006,Bearing Set B12,Components,SUP-01,Bharat Metals,290,248,2,1,36,7.94,1004.71,66702.19,2953.11,78796.97,97.7,No,Completed,B-2605-812
PO-2026-00382,2026-05-09,PUNE-01,Pune,West,Line-4,Morning,PU-M10,OP-1011,PRD-1006,Bearing Set B12,Components,SUP-01,Bharat Metals,90,74,1,0,0,4.1,307.09,21688.76,1653.41,26159.08,97.55,Yes,Completed,B-2605-610
PO-2026-00676,2026-05-10,PUNE-01,Pune,West,Line-3,Night,PU-M11,OP-1042,PRD-1004,Industrial Pump A2,Finished Goods,SUP-04,FlowTech Parts,370,343,7,4,43,19.92,1748.48,1630013.38,7060.11,1662386.34,95.42,No,Cancelled,B-2605-798
PO-2026-00935,2026-05-10,NOIDA-01,Noida,North,Line-2,Morning,NO-M06,OP-1011,PRD-1005,Control Valve V5,Finished Goods,SUP-05,ValveWorks India,140,112,5,4,103,9.22,481.53,289031.67,3053.22,303470.61,93.02,Yes,In Progress,B-2605-962
PO-2026-00556,2026-05-12,NOIDA-01,Noida,North,Line-2,Evening,NO-M08,OP-1059,PRD-1003,Drive Shaft 600mm,Assemblies,SUP-03,Precision Forge,410,334,9,4,6,11.84,903.51,360287.16,4756.46,376287.47,96.01,No,Cancelled,B-2605-112
PO-2026-00058,2026-05-13,NOIDA-01,Noida,North,Line-1,Morning,NO-M05,OP-1028,PRD-1008,Hydraulic Cylinder H8,Finished Goods,SUP-03,Precision Forge,340,294,16,5,47,12.9,1350.22,1587728.08,3729.18,1618277.97,91.3,No,Completed,B-2605-396
PO-2026-00456,2026-05-14,NOIDA-01,Noida,North,Line-3,Evening,NO-M08,OP-1079,PRD-1002,Aluminium Housing,Components,SUP-02,Nova Aluminium,210,179,2,1,50,8.38,461.25,121068.66,3297.18,128809.94,98.38,No,Completed,B-2605-262
PO-2026-00605,2026-05-15,CHENNAI-01,Chennai,South,Line-4,Evening,CH-M09,OP-1037,PRD-1001,Steel Gear 40mm,Components,SUP-01,Bharat Metals,480,417,11,7,34,22.83,1038.63,149526.97,8844.07,168240.61,94.97,No,On Hold,B-2605-367
PO-2026-00839,2026-05-16,NOIDA-01,Noida,North,Line-1,Evening,NO-M09,OP-1067,PRD-1001,Steel Gear 40mm,Components,SUP-01,Bharat Metals,310,270,8,3,8,13.27,578.5,111002.5,5705.1,122612.3,95.01,Yes,Completed,B-2605-868
PO-2026-00222,2026-05-17,NOIDA-01,Noida,North,Line-4,Evening,NO-M12,OP-1008,PRD-1005,Control Valve V5,Finished Goods,SUP-05,ValveWorks India,110,91,4,1,24,4.11,360.28,198553.3,1809.24,204737.17,92.84,No,Completed,B-2605-641
PO-2026-00541,2026-05-17,CHENNAI-01,Chennai,South,Line-3,Night,CH-M01,OP-1069,PRD-1006,Bearing Set B12,Components,SUP-01,Bharat Metals,110,87,3,1,73,5.16,249.03,22531.13,1779.82,26665.9,94.1,No,Completed,B-2605-279
PO-2026-00661,2026-05-17,NOIDA-01,Noida,North,Line-4,Morning,NO-M01,OP-1085,PRD-1002,Aluminium Housing,Components,SUP-02,Nova Aluminium,380,353,11,7,13,10.44,738.07,286204.96,3189.26,298416.53,94.3,No,Completed,B-2605-214
PO-2026-00670,2026-05-17,NOIDA-01,Noida,North,Line-4,Morning,NO-M09,OP-1064,PRD-1007,Motor Assembly M3,Assemblies,SUP-06,ElectroMotion Ltd,430,345,7,4,51,13.09,1138.16,1297886.43,5626.98,1322270.21,96.22,No,Completed,B-2605-311
PO-2026-00739,2026-05-19,NOIDA-01,Noida,North,Line-1,Morning,NO-M06,OP-1046,PRD-1008,Hydraulic Cylinder H8,Finished Goods,SUP-03,Precision Forge,320,237,0,0,113,8.13,1382.81,1053176.48,3854.1,1067590.5,99.18,Yes,Cancelled,B-2605-275
PO-2026-00083,2026-05-22,NOIDA-01,Noida,North,Line-3,Night,NO-M11,OP-1079,PRD-1008,Hydraulic Cylinder H8,Finished Goods,SUP-03,Precision Forge,260,227,0,0,0,8.92,772.33,972139.86,3484.55,981310.13,99.09,No,Completed,B-2605-503
PO-2026-00319,2026-05-22,CHENNAI-01,Chennai,South,Line-4,Morning,CH-M01,OP-1061,PRD-1003,Drive Shaft 600mm,Assemblies,SUP-03,Precision Forge,350,276,11,6,63,12.69,681.49,316560.81,5120.87,332883.75,93.75,No,Completed,B-2605-809
PO-2026-00323,2026-05-22,PUNE-01,Pune,West,Line-2,Night,PU-M01,OP-1068,PRD-1008,Hydraulic Cylinder H8,Finished Goods,SUP-03,Precision Forge,300,258,8,5,76,14.36,702.81,1495755.09,6174.62,1524186.79,94.65,Yes,On Hold,B-2605-284
PO-2026-00470,2026-05-23,PUNE-01,Pune,West,Line-3,Night,PU-M02,OP-1022,PRD-1003,Drive Shaft 600mm,Assemblies,SUP-03,Precision Forge,210,183,7,4,0,6.88,697.77,233928.78,2346.53,245981.07,94.22,No,In Progress,B-2605-245
PO-2026-00725,2026-05-25,CHENNAI-01,Chennai,South,Line-3,Morning,CH-M09,OP-1038,PRD-1005,Control Valve V5,Finished Goods,SUP-05,ValveWorks India,460,440,17,10,73,21.86,2206.53,947573.12,7481.49,988610.86,94.37,No,In Progress,B-2605-642
PO-2026-00855,2026-05-25,PUNE-01,Pune,West,Line-2,Evening,PU-M01,OP-1015,PRD-1003,Drive Shaft 600mm,Assemblies,SUP-03,Precision Forge,490,401,13,5,79,13.65,2211.06,428142.39,4995.83,456487.67,94.73,Yes,Completed,B-2605-163
PO-2026-00860,2026-05-25,PUNE-01,Pune,West,Line-2,Night,PU-M02,OP-1064,PRD-1003,Drive Shaft 600mm,Assemblies,SUP-03,Precision Forge,200,177,5,2,0,9.68,775.12,280735.41,3140.7,292743.71,94.83,No,Cancelled,B-2605-545
PO-2026-00589,2026-05-27,PUNE-01,Pune,West,Line-4,Evening,PU-M06,OP-1057,PRD-1006,Bearing Set B12,Components,SUP-01,Bharat Metals,300,247,8,5,1,15.5,1076.77,82758.53,4917.2,97402.54,94.99,No,Completed,B-2605-272
PO-2026-00627,2026-05-27,CHENNAI-01,Chennai,South,Line-2,Evening,CH-M11,OP-1040,PRD-1007,Motor Assembly M3,Assemblies,SUP-06,ElectroMotion Ltd,180,165,3,2,0,7.96,390.38,561115.72,2573.31,571261.03,95.73,No,In Progress,B-2605-726
PO-2026-00648,2026-05-27,CHENNAI-01,Chennai,South,Line-4,Morning,CH-M08,OP-1012,PRD-1006,Bearing Set B12,Components,SUP-01,Bharat Metals,90,80,4,3,27,5.73,294.18,31669.51,2692.09,37563.43,91.21,No,On Hold,B-2605-194
PO-2026-00233,2026-05-28,CHENNAI-01,Chennai,South,Line-4,Morning,CH-M09,OP-1036,PRD-1001,Steel Gear 40mm,Components,SUP-01,Bharat Metals,100,99,2,1,38,6.03,438.78,54743.21,2292.91,61266.07,96.05,No,Completed,B-2605-502
PO-2026-00483,2026-05-28,NOIDA-01,Noida,North,Line-1,Night,NO-M08,OP-1049,PRD-1004,Industrial Pump A2,Finished Goods,SUP-04,FlowTech Parts,300,245,3,1,67,10.56,939.21,872199.93,4614.64,887667.4,96.62,No,On Hold,B-2605-774
PO-2026-00063,2026-05-29,PUNE-01,Pune,West,Line-4,Evening,PU-M11,OP-1077,PRD-1001,Steel Gear 40mm,Components,SUP-01,Bharat Metals,360,347,8,4,89,17.92,1273.47,158179.91,5586.55,175128.04,96.26,Yes,Completed,B-2605-908
PO-2026-00229,2026-05-29,CHENNAI-01,Chennai,South,Line-4,Evening,CH-M06,OP-1045,PRD-1003,Drive Shaft 600mm,Assemblies,SUP-03,Precision Forge,160,145,1,1,18,6.39,408.02,181216.67,2664.3,188158.27,98.83,No,Completed,B-2605-708
PO-2026-00580,2026-06-01,PUNE-01,Pune,West,Line-3,Night,PU-M04,OP-1068,PRD-1007,Motor Assembly M3,Assemblies,SUP-06,ElectroMotion Ltd,400,365,26,9,90,23.11,1224.2,1039759.13,10445.38,1079962.82,88.59,Yes,Completed,B-2606-483
PO-2026-00715,2026-06-01,NOIDA-01,Noida,North,Line-3,Evening,NO-M08,OP-1006,PRD-1005,Control Valve V5,Finished Goods,SUP-05,ValveWorks India,260,240,8,4,37,11.19,1314.94,553237.93,4841.31,575927.34,93.91,No,In Progress,B-2606-126
PO-2026-00156,2026-06-03,CHENNAI-01,Chennai,South,Line-4,Night,CH-M02,OP-1004,PRD-1003,Drive Shaft 600mm,Assemblies,SUP-03,Precision Forge,410,366,8,3,57,14.07,1051.06,566537.62,5922.44,583128.72,95.46,No,In Progress,B-2606-708
PO-2026-00202,2026-06-03,PUNE-01,Pune,West,Line-3,Evening,PU-M11,OP-1059,PRD-1002,Aluminium Housing,Components,SUP-02,Nova Aluminium,400,338,23,15,19,12.73,1718.13,294300.09,6023.98,322435.82,89.09,No,Completed,B-2606-593
PO-2026-00316,2026-06-03,PUNE-01,Pune,West,Line-3,Evening,PU-M10,OP-1011,PRD-1006,Bearing Set B12,Components,SUP-01,Bharat Metals,340,266,1,1,16,10.91,543.59,94733.98,4780.8,103804.88,98.75,No,Completed,B-2606-628
PO-2026-00071,2026-06-04,NOIDA-01,Noida,North,Line-3,Night,NO-M06,OP-1083,PRD-1001,Steel Gear 40mm,Components,SUP-01,Bharat Metals,320,278,3,2,44,12.26,794.68,101887.32,4859.63,114365.54,98.25,No,Cancelled,B-2606-575
PO-2026-00385,2026-06-04,PUNE-01,Pune,West,Line-2,Evening,PU-M08,OP-1055,PRD-1007,Motor Assembly M3,Assemblies,SUP-06,ElectroMotion Ltd,370,377,10,4,19,18.25,1643.99,1456516.03,5402.06,1485952.33,95.57,No,Cancelled,B-2606-543
PO-2026-00388,2026-06-06,NOIDA-01,Noida,North,Line-2,Evening,NO-M10,,PRD-1008,Hydraulic Cylinder H8,Finished Goods,SUP-03,Precision Forge,480,400,0,0,55,14.16,1119.9,2298342.83,5751.66,2313824.33,98.74,No,Completed,B-2606-360
PO-2026-00931,2026-06-06,CHENNAI-01,Chennai,South,Line-4,Night,CH-M09,OP-1016,PRD-1005,Control Valve V5,Finished Goods,SUP-05,ValveWorks India,280,228,8,5,38,12.52,851.04,510188.51,4171.37,529517.86,93.93,No,In Progress,B-2606-959
PO-2026-00939,2026-06-06,CHENNAI-01,Chennai,South,Line-1,Evening,CH-M01,OP-1059,PRD-1002,Aluminium Housing,Components,SUP-02,Nova Aluminium,490,453,22,8,25,15.93,1332.65,294983.07,6040.59,316348.36,92.22,No,Completed,B-2606-516
PO-2026-00159,2026-06-08,NOIDA-01,Noida,North,Line-2,Morning,NO-M10,OP-1052,PRD-1006,Bearing Set B12,Components,SUP-01,Bharat Metals,430,351,8,2,13,12.22,1845.97,129511.79,5602.56,150045.76,96.54,No,Cancelled,B-2606-243
PO-2026-00168,2026-06-08,PUNE-01,Pune,West,Line-1,Morning,PU-M01,OP-1002,PRD-1002,Aluminium Housing,Components,SUP-02,Nova Aluminium,240,201,2,1,35,9.78,1040.95,186989.85,3442.98,199985.03,97.84,No,Cancelled,B-2606-762
PO-2026-00177,2026-06-09,CHENNAI-01,Chennai,South,Line-3,Night,CH-M08,OP-1075,PRD-1006,Bearing Set B12,Components,SUP-01,Bharat Metals,430,369,5,2,24,15.68,1642.33,124027.36,6567.76,144011.7,97.9,No,Cancelled,B-2606-827
PO-2026-00194,2026-06-09,PUNE-01,Pune,West,Line-4,Evening,PU-M03,,PRD-1003,Drive Shaft 600mm,Assemblies,SUP-03,Precision Forge,110,110,7,4,4,8.12,481.46,157497.15,3607.4,168864.4,90.7,No,On Hold,B-2606-246
PO-2026-00658,2026-06-10,PUNE-01,Pune,West,Line-2,Night,PU-M05,OP-1025,PRD-1006,Bearing Set B12,Components,SUP-01,Bharat Metals,280,276,3,1,17,14.92,1075.91,82263.5,5442.36,97226.03,97.1,No,Completed,B-2606-829
PO-2026-00848,2026-06-10,NOIDA-01,Noida,North,Line-4,Evening,NO-M04,OP-1026,PRD-1001,Steel Gear 40mm,Components,SUP-01,Bharat Metals,420,361,0,0,59,12.67,1575.31,173545.34,5383.12,193415.59,98.72,No,Completed,B-2606-237
PO-2026-00951,2026-06-10,CHENNAI-01,Chennai,South,Line-3,Morning,CH-M04,OP-1045,PRD-1005,Control Valve V5,Finished Goods,SUP-05,ValveWorks India,80,80,4,2,75,5.91,269.04,189733.26,2733.66,198246.14,92.65,No,Completed,B-2606-108
PO-2026-00123,2026-06-11,NOIDA-01,Noida,North,Line-3,Night,NO-M07,OP-1049,PRD-1002,Aluminium Housing,Components,SUP-02,Nova Aluminium,160,132,12,8,89,10.03,425.22,121616.57,4335.92,133706.68,86.39,Yes,In Progress,B-2606-177
PO-2026-00920,2026-06-11,NOIDA-01,Noida,North,Line-3,Night,NO-M03,OP-1067,PRD-1005,Control Valve V5,Finished Goods,SUP-05,ValveWorks India,470,421,0,0,26,15.71,1509.41,1350355.51,6987.45,1371165.58,99.41,No,On Hold,B-2606-152
PO-2026-00943,2026-06-11,NOIDA-01,Noida,North,Line-1,Evening,NO-M05,OP-1080,PRD-1007,Motor Assembly M3,Assemblies,SUP-06,ElectroMotion Ltd,160,154,4,2,44,8.13,606.97,604793.94,3182.88,616805.28,95.35,No,Completed,B-2606-187
PO-2026-00415,2026-06-12,PUNE-01,Pune,West,Line-2,Evening,PU-M02,OP-1063,PRD-1008,Hydraulic Cylinder H8,Finished Goods,SUP-03,Precision Forge,470,406,18,7,43,22.2,1923.01,1560246.47,8128.77,1605351.65,92.84,Yes,Cancelled,B-2606-356
PO-2026-00068,2026-06-13,PUNE-01,Pune,West,Line-3,Morning,PU-M07,OP-1011,PRD-1005,Control Valve V5,Finished Goods,SUP-05,ValveWorks India,130,119,1,1,2,7.99,665.36,316492.61,2795.84,325850.58,98.73,No,Completed,B-2606-426
PO-2026-00367,2026-06-16,CHENNAI-01,Chennai,South,Line-2,Evening,CH-M07,OP-1049,PRD-1003,Drive Shaft 600mm,Assemblies,SUP-03,Precision Forge,280,224,0,0,29,10.48,1128.7,249446.17,4810.08,263505.47,99.58,No,Completed,B-2606-360
PO-2026-00743,2026-06-16,CHENNAI-01,Chennai,South,Line-3,Evening,CH-M01,OP-1044,PRD-1003,Drive Shaft 600mm,Assemblies,SUP-03,Precision Forge,440,384,0,0,0,19.21,1960.45,505554.78,8746.86,532074.62,99.68,No,In Progress,B-2606-856
PO-2026-00339,2026-06-17,CHENNAI-01,Chennai,South,Line-4,Night,CH-M06,OP-1084,PRD-1007,Motor Assembly M3,Assemblies,SUP-06,ElectroMotion Ltd,330,260,16,7,73,13.93,1445.55,738592.72,5025.77,771264.12,89.79,No,Completed,B-2606-408
PO-2026-00250,2026-06-19,PUNE-01,Pune,West,Line-2,Evening,PU-M04,OP-1025,PRD-1001,Steel Gear 40mm,Components,SUP-01,Bharat Metals,270,271,4,2,28,16.13,552.16,131406.67,5524.46,142182.27,97.37,No,On Hold,B-2606-426
PO-2026-00457,2026-06-19,NOIDA-01,Noida,North,Line-4,Morning,NO-M02,OP-1045,PRD-1005,Control Valve V5,Finished Goods,SUP-05,ValveWorks India,150,136,6,2,40,5.19,378.69,321209.23,2208.6,330392.4,93.34,No,Cancelled,B-2606-401
PO-2026-00754,2026-06-19,NOIDA-01,Noida,North,Line-2,Evening,NO-M10,OP-1028,PRD-1006,Bearing Set B12,Components,SUP-01,Bharat Metals,450,411,23,7,16,18.44,890.83,112307.02,8215.39,128827.35,91.78,No,In Progress,B-2606-845
PO-2026-00235,2026-06-21,PUNE-01,Pune,West,Line-3,Evening,PU-M12,OP-1082,PRD-1007,Motor Assembly M3,Assemblies,SUP-06,ElectroMotion Ltd,170,139,4,2,16,5.84,721.57,368562.27,2007.43,381649.43,94.24,No,Completed,B-2606-255
PO-2026-00557,2026-06-21,PUNE-01,Pune,West,Line-3,Night,PU-M03,OP-1084,PRD-1004,Industrial Pump A2,Finished Goods,SUP-04,FlowTech Parts,310,257,10,3,22,11.45,1240.53,1347720.0,3334.18,1369722.62,94.11,No,Completed,B-2606-806
PO-2026-00171,2026-06-22,NOIDA-01,Noida,North,Line-1,Night,NO-M03,OP-1065,PRD-1004,Industrial Pump A2,Finished Goods,SUP-04,FlowTech Parts,500,403,6,3,63,14.83,1832.15,1441720.91,6603.61,1473301.66,96.81,No,In Progress,B-2606-990
PO-2026-00755,2026-06-22,PUNE-01,Pune,West,Line-4,Night,PU-M09,OP-1016,PRD-1004,Industrial Pump A2,Finished Goods,SUP-04,FlowTech Parts,350,324,16,12,13,19.03,1627.9,1567211.33,5660.04,1620132.6,92.77,No,On Hold,B-2606-584
PO-2026-00348,2026-06-25,CHENNAI-01,Chennai,South,Line-2,Morning,CH-M12,OP-1008,PRD-1007,Motor Assembly M3,Assemblies,SUP-06,ElectroMotion Ltd,240,252,13,7,7,12.18,1230.1,1043000.16,5063.49,1072269.8,91.05,No,Completed,B-2606-427
PO-2026-00410,2026-06-26,CHENNAI-01,Chennai,South,Line-4,Evening,CH-M10,OP-1017,PRD-1005,Control Valve V5,Finished Goods,SUP-05,ValveWorks India,430,372,18,5,72,18.53,987.66,1097899.93,8111.5,1122983.78,91.64,No,Cancelled,B-2606-625
PO-2026-00915,2026-06-26,NOIDA-01,Noida,North,Line-1,Morning,NO-M04,OP-1016,PRD-1005,Control Valve V5,Finished Goods,SUP-05,ValveWorks India,150,111,5,3,66,5.33,361.98,316916.71,1531.47,326436.19,92.77,No,In Progress,B-2606-185
PO-2026-00964,2026-06-26,NOIDA-01,Noida,North,Line-4,Morning,NO-M03,OP-1026,PRD-1008,Hydraulic Cylinder H8,Finished Goods,SUP-03,Precision Forge,410,345,7,4,118,12.68,965.37,1657751.63,4632.64,1683248.39,96.24,Yes,Cancelled,B-2606-710
PO-2026-00405,2026-06-27,CHENNAI-01,Chennai,South,Line-1,Morning,CH-M10,OP-1027,PRD-1002,Aluminium Housing,Components,SUP-02,Nova Aluminium,410,325,12,8,57,17.65,778.4,283106.33,4960.79,298497.48,94.27,No,Completed,B-2606-675
PO-2026-00469,2026-06-27,NOIDA-01,Noida,North,Line-4,Evening,NO-M02,OP-1029,PRD-1008,Hydraulic Cylinder H8,Finished Goods,SUP-03,Precision Forge,410,393,0,0,0,21.72,1125.83,1595989.38,7065.36,1612696.89,98.71,No,Cancelled,B-2606-374
PO-2026-00926,2026-06-28,CHENNAI-01,Chennai,South,Line-1,Night,CH-M06,OP-1070,PRD-1004,Industrial Pump A2,Finished Goods,SUP-04,FlowTech Parts,320,279,8,4,71,14.53,1337.7,1052823.73,5094.89,1080819.94,95.88,No,In Progress,B-2606-192
PO-2026-00296,2026-06-29,NOIDA-01,Noida,North,Line-3,Morning,NO-M12,OP-1039,PRD-1002,Aluminium Housing,Components,SUP-02,Nova Aluminium,340,288,8,5,60,10.34,902.39,264102.79,4735.15,279059.13,94.74,Yes,Completed,B-2606-327
PO-2026-00546,2026-06-30,NOIDA-01,Noida,North,Line-3,Evening,NO-M11,OP-1060,PRD-1003,Drive Shaft 600mm,Assemblies,SUP-03,Precision Forge,320,283,8,5,47,10.47,1163.96,315209.3,4993.91,333641.61,95.52,Yes,On Hold,B-2606-698
PO-2026-00752,2026-06-30,CHENNAI-01,Chennai,South,Line-2,Night,CH-M02,OP-1072,PRD-1008,Hydraulic Cylinder H8,Finished Goods,SUP-03,Precision Forge,190,185,3,1,0,8.48,768.95,804359.99,3272.84,817676.63,97.06,No,Completed,B-2606-474
PO-2026-00874,2026-06-30,NOIDA-01,Noida,North,Line-3,Morning,NO-M05,OP-1081,PRD-1005,Control Valve V5,Finished Goods,SUP-05,ValveWorks India,140,120,6,2,99,6.06,338.82,267262.77,2277.03,275476.62,92.41,Yes,Cancelled,B-2606-903
PO-2026-00026,2026-07-01,PUNE-01,Pune,West,Line-4,Evening,PU-M02,OP-1061,PRD-1007,Motor Assembly M3,Assemblies,SUP-06,ElectroMotion Ltd,450,382,15,9,78,20.83,797.78,1125065.02,7194.04,1158869.12,93.82,Yes,Completed,B-2607-867
PO-2026-00033,2026-07-01,PUNE-01,Pune,West,Line-4,Morning,PU-M02,OP-1052,PRD-1005,Control Valve V5,Finished Goods,SUP-05,ValveWorks India,100,85,3,2,75,6.67,384.3,224900.08,2113.54,233289.02,93.36,No,On Hold,B-2607-744
PO-2026-00067,2026-07-01,PUNE-01,Pune,West,Line-1,Night,PU-M08,OP-1048,PRD-1005,Control Valve V5,Finished Goods,SUP-05,ValveWorks India,380,323,5,2,54,13.01,1255.52,738884.74,4162.41,757222.06,96.26,No,Completed,B-2607-828
PO-2026-00689,2026-07-01,NOIDA-01,Noida,North,Line-3,Morning,NO-M11,OP-1038,PRD-1005,Control Valve V5,Finished Goods,SUP-05,ValveWorks India,150,108,2,1,79,4.51,411.33,258668.9,1695.64,265148.62,95.73,Yes,Cancelled,B-2607-363
PO-2026-00692,2026-07-02,PUNE-01,Pune,West,Line-1,Night,PU-M04,OP-1085,PRD-1008,Hydraulic Cylinder H8,Finished Goods,SUP-03,Precision Forge,480,403,15,7,50,13.47,1585.77,1742750.82,4283.85,1782971.22,,No,In Progress,B-2607-670
PO-2026-00366,2026-07-03,CHENNAI-01,Chennai,South,Line-2,Night,CH-M07,OP-1083,PRD-1003,Drive Shaft 600mm,Assemblies,SUP-03,Precision Forge,280,252,13,5,23,14.8,1053.7,360707.61,6466.61,380707.0,91.67,No,Completed,B-2607-610
PO-2026-00801,2026-07-04,PUNE-01,Pune,West,Line-3,Evening,PU-M03,OP-1053,PRD-1002,Aluminium Housing,Components,SUP-02,Nova Aluminium,380,300,1,1,0,14.92,1233.41,223231.07,6954.88,242008.73,97.86,No,Completed,B-2607-753
PO-2026-00014,2026-07-05,PUNE-01,Pune,West,Line-3,Night,PU-M02,OP-1018,PRD-1005,Control Valve V5,Finished Goods,SUP-05,ValveWorks India,160,167,2,1,27,8.05,874.34,478660.29,3843.45,491789.44,98.31,No,Completed,B-2607-860
PO-2026-00209,2026-07-06,PUNE-01,Pune,West,Line-4,Morning,PU-M02,OP-1021,PRD-1005,Control Valve V5,Finished Goods,SUP-05,ValveWorks India,300,295,8,2,21,12.14,1674.92,856511.05,5653.76,879243.55,95.1,No,Completed,B-2607-424
PO-2026-00923,2026-07-06,PUNE-01,Pune,West,Line-2,Night,PU-M07,OP-1055,PRD-1005,Control Valve V5,Finished Goods,SUP-05,ValveWorks India,290,241,14,8,0,10.35,986.04,759530.48,3819.76,785561.61,91.2,No,Completed,B-2607-942
PO-2026-00027,2026-07-07,PUNE-01,Pune,West,Line-3,Morning,PU-M10,OP-1078,PRD-1006,Bearing Set B12,Components,SUP-01,Bharat Metals,220,175,1,1,7,9.02,423.6,63415.83,3543.0,70425.38,97.94,No,Cancelled,B-2607-217
PO-2026-00066,2026-07-07,NOIDA-01,Noida,North,Line-2,Evening,NO-M10,OP-1037,PRD-1001,Steel Gear 40mm,Components,SUP-01,Bharat Metals,500,420,22,7,0,17.94,2152.66,217093.01,5617.15,242291.07,91.93,No,In Progress,B-2607-339
PO-2026-00261,2026-07-07,NOIDA-01,Noida,North,Line-3,Night,NO-M10,OP-1034,PRD-1005,Control Valve V5,Finished Goods,SUP-05,ValveWorks India,470,422,12,6,64,18.61,1519.96,1310864.21,6287.23,1338608.28,94.36,No,In Progress,B-2607-692
PO-2026-00593,2026-07-08,CHENNAI-01,Chennai,South,Line-3,Night,CH-M12,OP-1083,PRD-1002,Aluminium Housing,Components,SUP-02,Nova Aluminium,160,166,3,2,13,12.08,961.3,134597.89,3635.62,147917.37,97.06,No,Completed,B-2607-576
PO-2026-00836,2026-07-08,NOIDA-01,Noida,North,Line-4,Evening,NO-M10,OP-1072,PRD-1007,Motor Assembly M3,Assemblies,SUP-06,ElectroMotion Ltd,400,363,10,7,4,20.0,1300.9,1305863.92,5625.98,1338611.82,95.54,No,On Hold,B-2607-561
PO-2026-00659,2026-07-10,NOIDA-01,Noida,North,Line-4,Night,NO-M05,OP-1073,PRD-1006,Bearing Set B12,Components,SUP-01,Bharat Metals,210,164,6,4,49,6.95,847.62,46778.73,2845.99,57508.29,94.44,No,Completed,B-2607-249
PO-2026-00985,2026-07-10,NOIDA-01,Noida,North,Line-1,Morning,NO-M10,OP-1029,PRD-1001,Steel Gear 40mm,Components,SUP-01,Bharat Metals,450,472,9,3,47,27.54,1535.15,244025.91,12700.72,271360.68,96.71,No,Completed,B-2607-436
PO-2026-00430,2026-07-11,NOIDA-01,Noida,North,Line-3,Night,NO-M05,OP-1029,PRD-1005,Control Valve V5,Finished Goods,SUP-05,ValveWorks India,480,410,10,3,70,15.5,2223.23,853028.7,5035.37,880377.52,95.89,No,Cancelled,B-2607-493
PO-2026-00957,2026-07-13,CHENNAI-01,Chennai,South,Line-2,Morning,CH-M04,OP-1041,PRD-1005,Control Valve V5,Finished Goods,SUP-05,ValveWorks India,470,461,16,4,28,21.85,1612.24,1436788.42,7443.46,1464776.24,93.35,No,Completed,B-2607-414
PO-2026-00625,2026-07-14,NOIDA-01,Noida,North,Line-4,Morning,NO-M03,OP-1041,PRD-1004,Industrial Pump A2,Finished Goods,SUP-04,FlowTech Parts,220,194,2,1,30,8.86,1118.03,989274.61,3282.06,1003685.96,97.21,No,Cancelled,B-2607-252
PO-2026-00937,2026-07-14,CHENNAI-01,Chennai,South,Line-1,Morning,CH-M06,OP-1060,PRD-1008,Hydraulic Cylinder H8,Finished Goods,SUP-03,Precision Forge,490,507,22,12,71,16.8,2755.98,2100344.98,6623.37,2166223.39,92.2,No,Completed,B-2607-130
PO-2026-00948,2026-07-15,CHENNAI-01,Chennai,South,Line-2,Evening,CH-M02,OP-1013,PRD-1008,Hydraulic Cylinder H8,Finished Goods,SUP-03,Precision Forge,240,211,6,2,23,10.57,885.75,915831.44,3878.26,934192.02,94.72,No,Completed,B-2607-425
PO-2026-00579,2026-07-17,CHENNAI-01,Chennai,South,Line-3,Evening,CH-M08,OP-1056,PRD-1002,Aluminium Housing,Components,SUP-02,Nova Aluminium,500,382,9,4,69,23.27,886.29,352180.85,7075.37,369057.15,96.47,No,Completed,B-2607-987
PO-2026-00763,2026-07-17,PUNE-01,Pune,West,Line-2,Night,PU-M10,OP-1079,PRD-1008,Hydraulic Cylinder H8,Finished Goods,SUP-03,Precision Forge,150,128,2,1,26,5.61,533.7,545590.68,2510.88,555163.56,97.49,No,In Progress,B-2607-275
PO-2026-00077,2026-07-18,NOIDA-01,Noida,North,Line-2,Night,NO-M02,OP-1009,PRD-1005,Control Valve V5,Finished Goods,SUP-05,ValveWorks India,270,208,10,6,66,8.75,560.32,644011.71,2496.0,661619.96,92.61,No,Cancelled,B-2607-836
PO-2026-00225,2026-07-18,NOIDA-01,Noida,North,Line-3,Night,NO-M09,OP-1072,PRD-1005,Control Valve V5,Finished Goods,SUP-05,ValveWorks India,310,264,0,0,69,11.38,1550.54,650899.87,3691.41,668674.19,99.96,No,On Hold,B-2607-258
PO-2026-00368,2026-07-18,PUNE-01,Pune,West,Line-1,Morning,PU-M08,OP-1030,PRD-1003,Drive Shaft 600mm,Assemblies,SUP-03,Precision Forge,130,112,5,2,45,8.49,373.48,140141.23,3001.24,147885.34,93.26,No,Completed,B-2607-467
PO-2026-00423,2026-07-18,NOIDA-01,Noida,North,Line-1,Night,NO-M01,OP-1025,PRD-1005,Control Valve V5,Finished Goods,SUP-05,ValveWorks India,430,356,5,4,100,20.65,2017.25,750146.47,8256.5,782949.12,97.8,Yes,Cancelled,B-2607-934
PO-2026-00548,2026-07-18,CHENNAI-01,Chennai,South,Line-4,Evening,CH-M08,OP-1037,PRD-1006,Bearing Set B12,Components,SUP-01,Bharat Metals,210,166,6,2,49,7.89,924.31,62584.33,2710.65,73466.2,94.23,No,In Progress,B-2607-260
PO-2026-00735,2026-07-18,CHENNAI-01,Chennai,South,Line-1,Evening,CH-M04,OP-1035,PRD-1007,Motor Assembly M3,Assemblies,SUP-06,ElectroMotion Ltd,300,273,7,3,28,13.31,1248.2,794632.57,5133.68,816832.67,94.65,No,Completed,B-2607-346
PO-2026-00054,2026-07-19,NOIDA-01,Noida,North,Line-1,Morning,NO-M02,OP-1012,PRD-1004,Industrial Pump A2,Finished Goods,SUP-04,FlowTech Parts,350,293,8,3,31,13.07,652.98,1355077.75,4638.02,1372826.5,94.52,No,Cancelled,B-2607-856
PO-2026-00190,2026-07-19,CHENNAI-01,Chennai,South,Line-2,Night,CH-M03,OP-1058,PRD-1008,Hydraulic Cylinder H8,Finished Goods,SUP-03,Precision Forge,490,434,3,1,65,16.18,1317.5,2182861.49,5814.4,2202802.42,97.84,No,On Hold,B-2607-679
PO-2026-00794,2026-07-19,PUNE-01,Pune,West,Line-2,Night,PU-M10,OP-1051,PRD-1002,Aluminium Housing,Components,SUP-02,Nova Aluminium,250,240,8,4,7,9.69,1242.16,229321.68,3927.53,246811.18,94.35,No,On Hold,B-2607-550
PO-2026-00892,2026-07-19,CHENNAI-01,Chennai,South,Line-1,Morning,CH-M03,OP-1013,PRD-1002,Aluminium Housing,Components,SUP-02,Nova Aluminium,200,178,6,3,56,6.48,543.66,165508.63,2727.27,173860.57,93.81,No,Completed,B-2607-900
PO-2026-00015,2026-07-21,PUNE-01,Pune,West,Line-3,Morning,PU-M12,OP-1057,PRD-1005,Control Valve V5,Finished Goods,SUP-05,ValveWorks India,260,216,7,3,0,11.49,1119.83,566814.68,3853.01,583936.7,94.07,No,In Progress,B-2607-674
PO-2026-00009,2026-07-22,PUNE-01,Pune,West,Line-4,Evening,PU-M04,OP-1013,PRD-1004,Industrial Pump A2,Finished Goods,SUP-04,FlowTech Parts,80,73,3,2,76,5.47,351.71,258735.98,2555.05,269725.19,93.4,Yes,Completed,B-2607-774
PO-2026-00350,2026-07-22,NOIDA-01,Noida,North,Line-2,Night,NO-M07,OP-1072,PRD-1002,Aluminium Housing,Components,SUP-02,Nova Aluminium,230,205,0,0,51,9.32,1088.46,185350.0,2874.97,197356.03,99.7,No,Completed,B-2607-932
PO-2026-00504,2026-07-22,NOIDA-01,Noida,North,Line-2,Night,NO-M05,OP-1016,PRD-1008,Hydraulic Cylinder H8,Finished Goods,SUP-03,Precision Forge,140,129,4,2,0,8.03,300.51,773414.6,3700.64,785883.19,94.93,No,Completed,B-2607-705
PO-2026-00917,2026-07-23,CHENNAI-01,Chennai,South,Line-1,Evening,CH-M07,OP-1062,PRD-1003,Drive Shaft 600mm,Assemblies,SUP-03,,280,233,10,5,27,8.37,733.64,345593.64,3656.43,358725.48,93.07,No,Completed,B-2607-990
PO-2026-00056,2026-07-24,CHENNAI-01,Chennai,South,Line-2,Evening,CH-M12,OP-1040,PRD-1002,Aluminium Housing,Components,SUP-02,Nova Aluminium,250,194,2,1,10,8.63,831.19,120066.15,4020.0,132094.98,98.08,No,Completed,B-2607-106
PO-2026-00352,2026-07-24,CHENNAI-01,Chennai,South,Line-4,Night,CH-M06,OP-1003,PRD-1007,Motor Assembly M3,Assemblies,SUP-06,ElectroMotion Ltd,210,156,0,0,24,6.96,459.53,520069.92,2291.13,526663.47,99.39,No,Completed,B-2607-761
PO-2026-00907,2026-07-24,NOIDA-01,Noida,North,Line-1,Morning,NO-M08,OP-1048,PRD-1004,Industrial Pump A2,Finished Goods,SUP-04,FlowTech Parts,500,408,6,3,47,16.64,1195.34,2159765.36,6500.69,2184156.46,96.38,No,Completed,B-2607-100
PO-2026-00475,2026-07-26,NOIDA-01,Noida,North,Line-3,Night,NO-M11,OP-1072,PRD-1003,Drive Shaft 600mm,Assemblies,SUP-03,Precision Forge,270,242,5,2,27,8.38,913.82,290939.21,3744.37,303008.41,96.86,No,Completed,B-2607-830
PO-2026-00511,2026-07-26,NOIDA-01,Noida,North,Line-4,Night,NO-M06,OP-1070,PRD-1004,Industrial Pump A2,Finished Goods,SUP-04,FlowTech Parts,190,170,4,1,82,9.4,1014.54,846756.92,4277.07,862559.59,95.82,Yes,In Progress,B-2607-402
PO-2026-00564,2026-07-26,NOIDA-01,Noida,North,Line-4,Night,NO-M12,OP-1063,PRD-1004,Industrial Pump A2,Finished Goods,SUP-04,FlowTech Parts,210,177,2,1,7,10.56,835.73,792691.47,4967.52,808146.87,97.01,No,On Hold,B-2607-700
PO-2026-00344,2026-07-27,CHENNAI-01,Chennai,South,Line-4,Morning,CH-M05,OP-1037,PRD-1002,Aluminium Housing,Components,SUP-02,Nova Aluminium,460,420,8,3,36,20.22,967.59,315071.96,6850.46,330471.12,97.08,No,Cancelled,B-2607-600
PO-2026-00729,2026-07-29,NOIDA-01,Noida,North,Line-2,Evening,NO-M01,OP-1028,PRD-1003,Drive Shaft 600mm,Assemblies,SUP-03,Precision Forge,470,460,10,3,46,23.83,860.89,579774.68,7597.33,596603.15,96.1,No,Completed,B-2607-729
PO-2026-00756,2026-07-29,PUNE-01,Pune,West,Line-4,Evening,PU-M01,OP-1042,PRD-1003,Drive Shaft 600mm,Assemblies,SUP-03,Precision Forge,380,366,9,3,42,15.61,1800.2,560310.57,7290.41,585237.5,94.91,No,On Hold,B-2607-618
PO-2026-00089,2026-07-30,NOIDA-01,Noida,North,Line-2,Evening,NO-M11,OP-1061,PRD-1005,Control Valve V5,Finished Goods,SUP-05,ValveWorks India,160,152,6,4,76,8.45,364.78,408421.54,3517.21,421605.49,92.74,Yes,In Progress,B-2607-766
PO-2026-00380,2026-07-30,NOIDA-01,Noida,North,Line-1,Night,NO-M05,OP-1084,PRD-1004,Industrial Pump A2,Finished Goods,SUP-04,FlowTech Parts,470,426,20,14,55,22.51,1391.14,1742995.57,7726.51,1800149.4,92.6,No,Completed,B-2607-168
PO-2026-00815,2026-07-30,PUNE-01,Pune,West,Line-1,Evening,PU-M09,OP-1085,PRD-1007,Motor Assembly M3,Assemblies,SUP-06,ElectroMotion Ltd,340,300,12,6,14,11.33,1277.71,1036518.79,4395.89,1064702.79,93.46,No,On Hold,B-2607-174
PO-2026-00080,2026-08-01,PUNE-01,Pune,West,Line-4,Morning,PU-M11,OP-1052,PRD-1001,Steel Gear 40mm,Components,SUP-01,Bharat Metals,130,131,4,2,26,7.52,469.26,59026.2,3048.85,66326.77,94.0,No,Completed,B-2608-805
PO-2026-00568,2026-08-02,PUNE-01,Pune,West,Line-2,Night,PU-M06,OP-1010,PRD-1002,Aluminium Housing,Components,SUP-02,Nova Aluminium,420,391,17,11,58,15.67,1738.92,248892.03,6531.11,276654.29,93.07,No,On Hold,B-2608-447
PO-2026-00650,2026-08-02,CHENNAI-01,Chennai,South,Line-2,Evening,CH-M08,OP-1032,PRD-1001,Steel Gear 40mm,Components,SUP-01,Bharat Metals,240,191,2,1,17,7.18,474.5,79276.04,2167.89,85308.92,97.03,Yes,Cancelled,B-2608-926
PO-2026-00142,2026-08-03,NOIDA-01,Noida,North,Line-2,Morning,NO-M04,OP-1085,PRD-1006,Bearing Set B12,Components,SUP-01,Bharat Metals,320,279,8,4,67,18.44,861.63,92351.55,6481.41,106997.7,95.57,No,On Hold,B-2608-935
PO-2026-00241,2026-08-03,NOIDA-01,Noida,North,Line-4,Evening,NO-M08,OP-1070,PRD-1003,Drive Shaft 600mm,Assemblies,SUP-03,Precision Forge,180,152,3,1,50,6.89,668.01,162243.26,2208.73,170999.09,96.78,No,On Hold,B-2608-605
PO-2026-00862,2026-08-03,PUNE-01,Pune,West,Line-4,Morning,PU-M02,OP-1083,PRD-1003,Drive Shaft 600mm,Assemblies,SUP-03,Precision Forge,190,169,1,0,22,11.47,984.26,205173.08,3324.71,216428.12,97.67,No,Completed,B-2608-378
PO-2026-00107,2026-08-04,CHENNAI-01,Chennai,South,Line-3,Morning,CH-M10,OP-1031,PRD-1005,Control Valve V5,Finished Goods,SUP-05,ValveWorks India,100,81,3,2,78,7.3,176.17,183430.54,3242.21,191724.33,93.14,Yes,On Hold,B-2608-954
PO-2026-00133,2026-08-04,PUNE-01,Pune,West,Line-1,Night,PU-M12,OP-1084,PRD-1006,Bearing Set B12,Components,SUP-01,Bharat Metals,180,167,0,0,37,7.06,889.87,55280.65,2517.57,64499.11,98.32,No,Completed,B-2608-354
PO-2026-00519,2026-08-04,PUNE-01,Pune,West,Line-2,Evening,PU-M08,OP-1062,PRD-1001,Steel Gear 40mm,Components,SUP-01,Bharat Metals,390,374,7,3,37,14.98,704.26,189009.91,6575.31,202362.21,,No,Cancelled,B-2608-850
PO-2026-00530,2026-08-05,NOIDA-01,Noida,North,Line-4,Morning,NO-M12,OP-1032,PRD-1002,Aluminium Housing,Components,SUP-02,Nova Aluminium,440,407,9,6,28,20.06,1265.62,250948.26,6296.18,269430.97,95.76,No,Cancelled,B-2608-757
PO-2026-00279,2026-08-06,PUNE-01,Pune,West,Line-4,Night,PU-M08,OP-1028,PRD-1005,Control Valve V5,Finished Goods,SUP-05,ValveWorks India,160,149,0,0,63,7.7,790.38,483427.37,3046.31,493125.57,99.59,No,In Progress,B-2608-385
PO-2026-00909,2026-08-07,PUNE-01,Pune,West,Line-3,Morning,PU-M10,OP-1077,PRD-1008,Hydraulic Cylinder H8,Finished Goods,SUP-03,Precision Forge,90,74,3,2,16,6.87,200.37,403273.91,1989.01,413195.21,93.79,No,In Progress,B-2608-595
PO-2026-00663,2026-08-08,NOIDA-01,Noida,North,Line-4,Morning,NO-M04,OP-1013,PRD-1005,Control Valve V5,Finished Goods,SUP-05,ValveWorks India,390,360,5,3,53,13.8,1061.14,1059402.59,5065.13,1079315.19,96.53,No,In Progress,B-2608-829
PO-2026-00269,2026-08-09,NOIDA-01,Noida,North,Line-4,Night,NO-M02,OP-1070,PRD-1005,Control Valve V5,Finished Goods,SUP-05,ValveWorks India,360,317,13,3,72,13.74,1020.13,660554.05,5791.7,680618.51,93.4,No,In Progress,B-2608-805
PO-2026-00146,2026-08-10,CHENNAI-01,Chennai,South,Line-1,Night,CH-M11,OP-1082,PRD-1001,Steel Gear 40mm,Components,SUP-01,Bharat Metals,190,135,2,1,99,8.72,776.97,67946.47,2856.66,78363.53,97.62,Yes,Cancelled,B-2608-443
PO-2026-00741,2026-08-11,CHENNAI-01,Chennai,South,Line-1,Evening,CH-M05,OP-1037,PRD-1007,Motor Assembly M3,Assemblies,SUP-06,ElectroMotion Ltd,150,145,6,2,49,8.04,385.66,388749.41,3640.71,399756.33,94.13,No,Completed,B-2608-562
PO-2026-00925,2026-08-11,CHENNAI-01,Chennai,South,Line-2,Evening,CH-M04,OP-1060,PRD-1005,Control Valve V5,Finished Goods,SUP-05,ValveWorks India,160,135,6,2,22,9.63,704.16,429318.66,4077.69,441997.48,93.19,No,Completed,B-2608-451
PO-2026-00245,2026-08-12,NOIDA-01,Noida,North,Line-2,Night,NO-M07,OP-1053,PRD-1006,Bearing Set B12,Components,SUP-01,Bharat Metals,160,135,3,2,11,5.48,403.34,37117.93,2043.91,43199.87,95.56,Yes,Completed,B-2608-673
PO-2026-00601,2026-08-12,NOIDA-01,Noida,North,Line-4,Evening,NO-M11,OP-1008,PRD-1007,Motor Assembly M3,Assemblies,SUP-06,ElectroMotion Ltd,420,356,16,6,22,13.87,1188.62,1208932.54,4775.48,1236552.0,93.01,No,Completed,B-2608-292
PO-2026-00207,2026-08-13,NOIDA-01,Noida,North,Line-3,Evening,NO-M05,OP-1033,PRD-1004,Industrial Pump A2,Finished Goods,SUP-04,FlowTech Parts,140,105,0,0,28,6.3,393.42,433738.61,1933.43,439277.81,98.86,No,On Hold,B-2608-148
PO-2026-00402,2026-08-13,PUNE-01,Pune,West,Line-2,Night,PU-M12,OP-1052,PRD-1003,Drive Shaft 600mm,Assemblies,SUP-03,Precision Forge,320,317,6,4,0,9.97,1805.83,323042.17,4746.27,346663.14,96.28,No,Completed,B-2608-346
PO-2026-00347,2026-08-14,PUNE-01,Pune,West,Line-1,Evening,PU-M01,OP-1044,PRD-1004,Industrial Pump A2,Finished Goods,SUP-04,FlowTech Parts,380,339,4,3,32,16.04,1757.77,1509001.88,4762.75,1536673.84,97.77,No,In Progress,B-2608-124
PO-2026-00398,2026-08-14,NOIDA-01,Noida,North,Line-4,Morning,NO-M09,OP-1059,PRD-1001,Steel Gear 40mm,Components,SUP-01,Bharat Metals,270,270,9,6,0,9.14,880.23,138841.49,3509.31,151575.49,94.93,No,Completed,B-2608-957
PO-2026-00449,2026-08-14,PUNE-01,Pune,West,Line-2,Evening,PU-M07,OP-1048,PRD-1006,Bearing Set B12,Components,SUP-01,Bharat Metals,310,270,1,1,101,11.08,970.76,92403.52,4261.74,105502.19,99.28,Yes,Completed,B-2608-666
PO-2026-00696,2026-08-14,PUNE-01,Pune,West,Line-3,Morning,PU-M07,OP-1006,PRD-1002,Aluminium Housing,Components,SUP-02,Nova Aluminium,220,210,6,4,38,10.08,468.77,201930.52,4576.93,212475.75,94.37,No,In Progress,B-2608-195
PO-2026-00264,2026-08-15,NOIDA-01,Noida,North,Line-4,Evening,NO-M03,OP-1068,PRD-1006,Bearing Set B12,Components,SUP-01,Bharat Metals,110,91,0,0,5,6.46,276.74,34173.69,2496.82,38894.27,98.73,No,Completed,B-2608-395
PO-2026-00518,2026-08-15,PUNE-01,Pune,West,Line-1,Morning,PU-M07,OP-1079,PRD-1007,Motor Assembly M3,Assemblies,SUP-06,ElectroMotion Ltd,220,174,6,2,60,8.62,766.63,610417.63,2771.64,624637.93,94.1,No,On Hold,B-2608-840
PO-2026-00629,2026-08-15,CHENNAI-01,Chennai,South,Line-2,Night,CH-M06,OP-1011,PRD-1004,Industrial Pump A2,Finished Goods,SUP-04,FlowTech Parts,160,133,1,1,89,7.85,419.8,675912.61,2690.13,685168.71,98.26,Yes,On Hold,B-2608-602
PO-2026-00769,2026-08-15,PUNE-01,Pune,West,Line-1,Night,PU-M02,OP-1019,PRD-1006,Bearing Set B12,Components,SUP-01,Bharat Metals,500,443,0,0,63,23.1,1158.09,142695.48,8639.85,160209.68,98.93,No,Cancelled,B-2608-254
PO-2026-00013,2026-08-16,NOIDA-01,Noida,North,Line-1,Evening,NO-M10,OP-1073,PRD-1001,Steel Gear 40mm,Components,SUP-01,Bharat Metals,470,435,11,4,76,15.8,1266.34,209679.03,5868.83,228401.7,94.78,Yes,Completed,B-2608-175
PO-2026-00021,2026-08-17,NOIDA-01,Noida,North,Line-3,Morning,NO-M04,OP-1019,PRD-1006,Bearing Set B12,Components,SUP-01,Bharat Metals,370,353,0,0,0,13.77,1036.11,125108.41,4112.79,138851.22,99.58,Yes,Completed,B-2608-586
PO-2026-00370,2026-08-17,NOIDA-01,Noida,North,Line-4,Evening,NO-M02,OP-1041,PRD-1001,Steel Gear 40mm,Components,SUP-01,Bharat Metals,380,285,0,0,41,9.75,1350.97,112355.49,3874.66,127599.58,99.16,No,In Progress,B-2608-888
PO-2026-00947,2026-08-17,PUNE-01,Pune,West,Line-4,Morning,PU-M09,OP-1044,PRD-1007,Motor Assembly M3,Assemblies,SUP-06,ElectroMotion Ltd,440,342,10,5,38,12.55,1431.47,1316910.33,5338.16,1345735.55,94.79,No,Completed,B-2608-975
PO-2026-00162,2026-08-18,NOIDA-01,Noida,North,Line-4,Morning,NO-M06,OP-1024,PRD-1002,Aluminium Housing,Components,SUP-02,Nova Aluminium,380,371,4,3,13,16.37,757.29,245151.87,5239.37,258047.96,97.47,No,In Progress,B-2608-440
PO-2026-00700,2026-08-18,PUNE-01,Pune,West,Line-1,Night,PU-M01,OP-1053,PRD-1004,Industrial Pump A2,Finished Goods,SUP-04,FlowTech Parts,160,138,2,1,58,8.51,511.47,529484.13,2574.47,538474.35,97.59,No,Completed,B-2608-557
PO-2026-00294,2026-08-19,PUNE-01,Pune,West,Line-2,Night,PU-M03,OP-1013,PRD-1003,Drive Shaft 600mm,Assemblies,SUP-03,Precision Forge,280,216,7,3,32,13.42,963.26,219621.2,4540.43,234918.64,95.32,No,Completed,B-2608-656
PO-2026-00195,2026-08-20,PUNE-01,Pune,West,Line-4,Night,PU-M10,OP-1005,PRD-1005,Control Valve V5,Finished Goods,SUP-05,ValveWorks India,180,147,0,0,33,7.04,407.2,401032.27,2562.27,406660.36,99.83,No,On Hold,B-2608-615
PO-2026-00879,2026-08-20,PUNE-01,Pune,West,Line-1,Morning,PU-M03,OP-1072,PRD-1003,Drive Shaft 600mm,Assemblies,SUP-03,Precision Forge,490,456,1,0,75,23.58,1424.69,466355.81,7679.44,486781.48,98.19,No,Completed,B-2608-532
PO-2026-00306,2026-08-21,PUNE-01,Pune,West,Line-3,Morning,PU-M01,OP-1069,PRD-1006,Bearing Set B12,Components,SUP-01,Bharat Metals,320,310,11,5,2,15.37,866.22,108554.41,7102.14,123085.66,94.48,No,In Progress,B-2608-773
PO-2026-00025,2026-08-22,NOIDA-01,Noida,North,Line-1,Evening,NO-M06,OP-1052,PRD-1001,Steel Gear 40mm,Components,SUP-01,Bharat Metals,440,394,3,2,35,12.89,1905.75,186367.3,4177.75,205760.41,98.15,No,In Progress,B-2608-230
PO-2026-00313,2026-08-22,NOIDA-01,Noida,North,Line-2,Evening,NO-M03,OP-1047,PRD-1007,Motor Assembly M3,Assemblies,SUP-06,ElectroMotion Ltd,230,197,7,3,57,11.12,428.31,735161.4,3364.83,748634.31,94.17,No,Completed,B-2608-941
PO-2026-00994,2026-08-22,PUNE-01,Pune,West,Line-1,Night,PU-M03,OP-1046,PRD-1006,Bearing Set B12,Components,SUP-01,Bharat Metals,270,284,2,1,0,13.77,1403.8,97779.56,4330.98,115116.96,99.0,No,Cancelled,B-2608-750
PO-2026-00364,2026-08-23,CHENNAI-01,Chennai,South,Line-2,Evening,CH-M11,OP-1015,PRD-1001,Steel Gear 40mm,Components,SUP-01,Bharat Metals,90,82,3,1,42,5.05,440.19,31667.13,1591.84,36968.86,94.7,No,Completed,B-2608-412
PO-2026-00586,2026-08-23,CHENNAI-01,Chennai,South,Line-1,Night,CH-M11,OP-1013,PRD-1004,Industrial Pump A2,Finished Goods,SUP-04,FlowTech Parts,450,373,11,8,42,13.27,1599.16,1680827.98,6025.62,1722556.12,95.8,No,Completed,B-2608-882
PO-2026-00101,2026-08-25,NOIDA-01,Noida,North,Line-2,Night,NO-M06,OP-1037,PRD-1004,Industrial Pump A2,Finished Goods,SUP-04,FlowTech Parts,380,398,5,2,54,21.48,1940.67,2041933.81,9002.81,2073374.17,97.53,No,On Hold,B-2608-764
PO-2026-00130,2026-08-25,PUNE-01,Pune,West,Line-2,Evening,PU-M02,OP-1040,PRD-1001,Steel Gear 40mm,Components,SUP-01,Bharat Metals,240,228,15,11,0,10.64,1060.32,99113.02,3835.25,115233.76,89.82,No,Completed,B-2608-927
PO-2026-00736,2026-08-25,CHENNAI-01,Chennai,South,Line-1,Morning,CH-M07,OP-1065,PRD-1005,Control Valve V5,Finished Goods,SUP-05,ValveWorks India,480,489,2,1,33,26.23,901.93,1340049.49,10494.06,1360570.33,98.73,No,Completed,B-2608-784
PO-2026-00965,2026-08-26,NOIDA-01,Noida,North,Line-3,Evening,NO-M08,OP-1065,PRD-1007,Motor Assembly M3,Assemblies,SUP-06,ElectroMotion Ltd,240,222,1,1,0,15.44,896.58,901217.1,4885.4,915293.57,99.34,Yes,Completed,B-2608-766
PO-2026-00636,2026-08-27,PUNE-01,Pune,West,Line-3,Evening,PU-M09,OP-1048,PRD-1004,Industrial Pump A2,Finished Goods,SUP-04,FlowTech Parts,220,194,5,3,39,8.65,1058.14,719257.8,3349.68,740546.59,95.05,No,Completed,B-2608-954
PO-2026-00677,2026-08-27,NOIDA-01,Noida,North,Line-2,Night,NO-M04,OP-1029,PRD-1005,Control Valve V5,Finished Goods,SUP-05,ValveWorks India,460,381,12,5,41,12.26,2200.87,817247.22,4883.63,850521.25,95.13,No,Completed,B-2608-575
PO-2026-00255,2026-08-29,CHENNAI-01,Chennai,South,Line-4,Morning,CH-M10,OP-1014,PRD-1007,Motor Assembly M3,Assemblies,SUP-06,ElectroMotion Ltd,440,346,9,3,46,12.17,1321.84,1159172.11,4758.68,1182348.52,96.04,No,On Hold,B-2608-889
PO-2026-00462,2026-08-29,CHENNAI-01,Chennai,South,Line-3,Night,CH-M01,OP-1009,PRD-1004,Industrial Pump A2,Finished Goods,SUP-04,FlowTech Parts,440,406,10,6,3,14.77,1481.55,2126132.28,4244.92,2159163.15,95.6,No,In Progress,B-2608-840
PO-2026-00638,2026-08-31,CHENNAI-01,Chennai,South,Line-4,Night,CH-M06,OP-1059,PRD-1006,Bearing Set B12,Components,SUP-01,Bharat Metals,370,362,12,6,65,11.9,1416.76,105169.97,3762.59,121455.06,94.46,No,On Hold,B-2608-871
PO-2026-00746,2026-09-01,PUNE-01,Pune,West,Line-2,Night,PU-M09,OP-1056,PRD-1005,Control Valve V5,Finished Goods,SUP-05,ValveWorks India,230,180,6,2,53,7.27,476.97,382974.0,2516.7,392425.47,94.24,No,On Hold,B-2609-833
PO-2026-00450,2026-09-02,PUNE-01,Pune,West,Line-1,Night,PU-M07,OP-1014,PRD-1007,Motor Assembly M3,Assemblies,SUP-06,ElectroMotion Ltd,320,276,14,8,37,12.1,1559.75,762850.42,3600.04,797913.59,92.74,No,On Hold,B-2609-657
PO-2026-00838,2026-09-03,PUNE-01,Pune,West,Line-2,Morning,PU-M06,OP-1068,PRD-1001,Steel Gear 40mm,Components,SUP-01,Bharat Metals,360,364,17,11,12,19.42,667.87,179717.87,6091.08,194725.31,92.37,No,On Hold,B-2609-686
PO-2026-00950,2026-09-04,CHENNAI-01,Chennai,South,Line-1,Night,CH-M09,OP-1020,PRD-1005,Control Valve V5,Finished Goods,SUP-05,ValveWorks India,450,428,7,3,13,19.1,940.77,1036883.32,7807.94,1056695.49,97.46,No,Cancelled,B-2609-327
PO-2026-00595,2026-09-05,CHENNAI-01,Chennai,South,Line-1,Night,CH-M01,OP-1046,PRD-1007,Motor Assembly M3,Assemblies,SUP-06,ElectroMotion Ltd,160,140,1,1,58,8.4,787.07,397110.52,3258.55,409385.72,98.43,No,Completed,B-2609-728
PO-2026-00673,2026-09-05,CHENNAI-01,Chennai,South,Line-2,Night,CH-M09,OP-1048,PRD-1006,Bearing Set B12,Components,SUP-01,Bharat Metals,400,355,21,6,29,16.34,1364.53,96654.65,7007.7,116453.84,91.61,Yes,In Progress,B-2609-442
PO-2026-00731,2026-09-05,NOIDA-01,Noida,North,Line-3,Night,NO-M07,OP-1082,PRD-1007,Motor Assembly M3,Assemblies,SUP-06,ElectroMotion Ltd,470,409,11,6,11,16.39,1936.76,1711972.58,6084.63,1748810.44,95.7,No,Completed,B-2609-250
PO-2026-00538,2026-09-06,CHENNAI-01,Chennai,South,Line-3,Evening,CH-M03,OP-1021,PRD-1002,Aluminium Housing,Components,SUP-02,Nova Aluminium,490,437,20,5,53,19.46,1474.27,290968.51,6659.57,312970.5,92.73,No,On Hold,B-2609-954
PO-2026-00585,2026-09-06,CHENNAI-01,Chennai,South,Line-3,Morning,CH-M01,OP-1013,PRD-1004,Industrial Pump A2,Finished Goods,SUP-04,FlowTech Parts,500,457,9,3,0,17.21,2161.51,2090527.43,5950.63,2123402.63,96.79,No,In Progress,B-2609-348
PO-2026-00665,2026-09-08,NOIDA-01,Noida,North,Line-4,Night,NO-M01,OP-1050,PRD-1007,Motor Assembly M3,Assemblies,SUP-06,ElectroMotion Ltd,180,150,3,1,42,7.99,650.5,396469.93,3731.75,407404.57,95.94,No,Completed,B-2609-490
PO-2026-00644,2026-09-09,CHENNAI-01,Chennai,South,Line-2,Night,CH-M03,OP-1027,PRD-1003,Drive Shaft 600mm,Assemblies,SUP-03,Precision Forge,290,283,4,2,65,12.87,1542.98,438106.78,6133.11,457486.73,97.41,No,In Progress,B-2609-183
PO-2026-00427,2026-09-11,NOIDA-01,Noida,North,Line-2,Morning,NO-M10,OP-1063,PRD-1004,Industrial Pump A2,Finished Goods,SUP-04,FlowTech Parts,360,342,0,0,42,17.89,1626.85,1746114.17,5344.43,1763821.57,99.67,No,Completed,B-2609-763
PO-2026-00445,2026-09-11,CHENNAI-01,Chennai,South,Line-2,Morning,CH-M04,OP-1003,PRD-1004,Industrial Pump A2,Finished Goods,SUP-04,FlowTech Parts,380,355,0,0,62,18.65,2082.89,1207904.44,8237.83,1234757.12,98.24,No,Cancelled,B-2609-533
PO-2026-00267,2026-09-12,PUNE-01,Pune,West,Line-3,Evening,PU-M03,OP-1010,PRD-1007,Motor Assembly M3,Assemblies,SUP-06,ElectroMotion Ltd,500,386,11,3,41,19.68,1724.64,1287291.22,9427.69,1318565.43,94.76,No,Completed,B-2609-491
PO-2026-00631,2026-09-12,NOIDA-01,Noida,North,Line-2,Morning,NO-M05,OP-1004,PRD-1004,Industrial Pump A2,Finished Goods,SUP-04,FlowTech Parts,490,511,7,2,63,16.89,1972.22,2063697.04,7095.98,2094152.77,97.55,Yes,Cancelled,B-2609-880
PO-2026-00847,2026-09-12,CHENNAI-01,Chennai,South,Line-3,Evening,CH-M11,OP-1020,PRD-1003,Drive Shaft 600mm,Assemblies,SUP-03,Precision Forge,370,378,4,3,59,23.03,1106.68,526780.37,10684.24,549699.07,96.83,No,On Hold,B-2609-970
PO-2026-00355,2026-09-13,PUNE-01,Pune,West,Line-2,Evening,PU-M10,OP-1030,PRD-1001,Steel Gear 40mm,Components,SUP-01,Bharat Metals,200,171,9,5,80,9.57,861.41,80875.09,3015.56,92642.43,91.29,Yes,On Hold,B-2609-846
PO-2026-00407,2026-09-13,NOIDA-01,Noida,North,Line-3,Evening,NO-M11,OP-1021,PRD-1004,Industrial Pump A2,Finished Goods,SUP-04,FlowTech Parts,140,122,4,3,33,6.87,507.33,468304.14,2925.39,483543.33,94.42,No,Completed,B-2609-360
PO-2026-00129,2026-09-14,NOIDA-01,Noida,North,Line-4,Evening,NO-M09,OP-1023,PRD-1004,Industrial Pump A2,Finished Goods,SUP-04,FlowTech Parts,330,302,18,9,35,17.41,1279.16,1588148.36,8311.12,1632867.64,91.42,No,Completed,B-2609-117
PO-2026-00527,2026-09-14,CHENNAI-01,Chennai,South,Line-4,Night,CH-M11,OP-1070,PRD-1001,Steel Gear 40mm,Components,SUP-01,Bharat Metals,490,481,25,9,32,19.68,2472.85,260778.46,9435.5,294041.04,91.84,No,Completed,B-2609-478
PO-2026-00761,2026-09-14,PUNE-01,Pune,West,Line-1,Night,PU-M08,OP-1023,PRD-1001,Steel Gear 40mm,Components,SUP-01,Bharat Metals,480,444,10,3,33,21.18,1104.44,196759.17,6033.02,212006.21,96.0,No,Completed,B-2609-591
PO-2026-00075,2026-09-15,NOIDA-01,Noida,North,Line-3,Night,NO-M05,OP-1032,PRD-1008,Hydraulic Cylinder H8,Finished Goods,SUP-03,Precision Forge,100,92,1,1,53,6.39,353.57,448257.15,1887.46,455982.42,97.82,No,Completed,B-2609-853
PO-2026-00905,2026-09-15,NOIDA-01,Noida,North,Line-3,Evening,NO-M01,OP-1078,PRD-1005,Control Valve V5,Finished Goods,SUP-05,ValveWorks India,150,140,5,3,19,9.53,562.28,470742.97,3226.8,483938.45,94.95,No,Cancelled,B-2609-627
PO-2026-00007,2026-09-16,PUNE-01,Pune,West,Line-1,Morning,PU-M12,OP-1063,PRD-1003,Drive Shaft 600mm,Assemblies,SUP-03,Precision Forge,310,244,7,2,40,11.02,1375.09,364816.02,3763.36,380300.26,94.4,No,On Hold,B-2609-884
PO-2026-00505,2026-09-16,NOIDA-01,Noida,North,Line-1,Morning,NO-M01,OP-1076,PRD-1002,Aluminium Housing,Components,SUP-02,Nova Aluminium,100,94,7,4,98,5.17,514.85,83237.76,2195.91,91838.36,88.1,Yes,On Hold,B-2609-478
PO-2026-00900,2026-09-16,PUNE-01,Pune,West,Line-1,Evening,PU-M08,OP-1064,PRD-1002,Aluminium Housing,Components,SUP-02,Nova Aluminium,420,409,1,0,23,13.76,1734.36,330549.64,4748.21,351363.87,98.33,No,Cancelled,B-2609-144
PO-2026-00584,2026-09-17,CHENNAI-01,Chennai,South,Line-4,Evening,CH-M04,OP-1067,PRD-1003,Drive Shaft 600mm,Assemblies,SUP-03,Precision Forge,120,121,1,1,0,7.26,237.63,138312.85,2943.06,144012.01,98.54,No,Cancelled,B-2609-717
PO-2026-00919,2026-09-17,NOIDA-01,Noida,North,Line-3,Evening,NO-M03,OP-1084,PRD-1001,Steel Gear 40mm,Components,SUP-01,Bharat Metals,100,94,1,1,66,4.99,560.57,35654.8,2100.06,42744.29,97.77,No,Completed,B-2609-853
PO-2026-00022,2026-09-18,PUNE-01,Pune,West,Line-2,Morning,PU-M12,OP-1067,PRD-1008,Hydraulic Cylinder H8,Finished Goods,SUP-03,Precision Forge,340,330,3,2,34,15.05,809.62,1958230.94,6803.93,1978811.29,97.33,No,On Hold,B-2609-355
PO-2026-00934,2026-09-18,PUNE-01,Pune,West,Line-3,Morning,PU-M09,OP-1083,PRD-1006,Bearing Set B12,Components,SUP-01,Bharat Metals,360,307,12,8,86,17.06,1452.87,119497.94,5705.24,139177.84,94.24,Yes,Completed,B-2609-160
PO-2026-00592,2026-09-19,CHENNAI-01,Chennai,South,Line-3,Evening,CH-M07,OP-1048,PRD-1008,Hydraulic Cylinder H8,Finished Goods,SUP-03,Precision Forge,340,211,1,0,37,12.27,737.25,1256914.93,4385.55,1267032.81,97.9,No,Completed,B-2609-427
PO-2026-00751,2026-09-19,CHENNAI-01,Chennai,South,Line-4,Morning,CH-M05,OP-1011,PRD-1003,Drive Shaft 600mm,Assemblies,SUP-03,Precision Forge,480,504,7,5,39,18.41,1384.96,665641.5,8474.19,689944.55,97.87,No,Completed,B-2609-291
PO-2026-00115,2026-09-20,PUNE-01,Pune,West,Line-3,Morning,PU-M08,OP-1014,PRD-1007,Motor Assembly M3,Assemblies,SUP-06,ElectroMotion Ltd,290,248,10,5,69,11.48,1049.29,802158.05,4987.7,826909.36,93.45,No,Completed,B-2609-218
PO-2026-00674,2026-09-20,CHENNAI-01,Chennai,South,Line-1,Morning,CH-M07,OP-1043,PRD-1006,Bearing Set B12,Components,SUP-01,Bharat Metals,470,403,16,10,31,17.21,1962.35,136099.51,7112.27,161841.46,93.09,No,In Progress,B-2609-849
PO-2026-00982,2026-09-20,NOIDA-01,Noida,North,Line-4,Morning,NO-M06,OP-1084,PRD-1006,Bearing Set B12,Components,SUP-01,Bharat Metals,140,119,3,2,73,8.89,722.27,40696.76,2643.9,50389.85,96.26,Yes,On Hold,B-2609-936
PO-2026-00785,2026-09-22,NOIDA-01,Noida,North,Line-4,Evening,NO-M05,OP-1069,PRD-1008,Hydraulic Cylinder H8,Finished Goods,SUP-03,Precision Forge,170,147,3,2,48,8.0,463.63,572454.41,3552.56,585787.13,96.16,No,Completed,B-2609-562
PO-2026-00082,2026-09-23,CHENNAI-01,Chennai,South,Line-4,Morning,CH-M04,OP-1075,PRD-1004,Industrial Pump A2,Finished Goods,SUP-04,FlowTech Parts,180,175,0,0,21,9.51,1022.26,885283.95,3608.8,896455.54,99.29,No,Completed,B-2609-388
PO-2026-00179,2026-09-23,NOIDA-01,Noida,North,Line-3,Morning,NO-M10,OP-1057,PRD-1004,Industrial Pump A2,Finished Goods,SUP-04,FlowTech Parts,490,430,14,6,17,17.52,1453.75,2259636.45,6001.14,2294250.42,95.42,No,Cancelled,B-2609-821
PO-2026-00497,2026-09-23,CHENNAI-01,Chennai,South,Line-4,Night,CH-M09,OP-1028,PRD-1006,Bearing Set B12,Components,SUP-01,Bharat Metals,250,197,7,2,9,8.67,565.81,64928.85,3190.4,73200.7,93.29,No,On Hold,B-2609-181
PO-2026-00859,2026-09-23,PUNE-01,Pune,West,Line-1,Night,PU-M08,OP-1006,PRD-1003,Drive Shaft 600mm,Assemblies,SUP-03,Precision Forge,80,84,1,1,24,5.81,205.51,87378.71,2033.51,91730.11,97.62,No,In Progress,B-2609-721
